n,city,country,status,building,landmark,moved_m,area_m2,old_lat,old_lon,new_lat,new_lon,osm,map
251,Oberhausen,Germany,snapped,Herz-Jesu-Kirche (church),yes,329,1609,51.4667,6.85,51.469656,6.850203,https://www.openstreetmap.org/way/154854316,"https://www.google.com/maps/@51.469656,6.850203,200m/data=!3m1!1e3"
252,Offenbach,Germany,snapped,Evangelische Mirjamgemeinde - Lutherkirche (church),yes,155,751,50.1,8.7667,50.098605,8.766629,https://www.openstreetmap.org/way/59426603,"https://www.google.com/maps/@50.098605,8.766629,200m/data=!3m1!1e3"
253,Paderborn,Germany,snapped,"unnamed civic, 643 m²",yes,224,643,51.7167,8.7667,51.714699,8.767006,https://www.openstreetmap.org/way/111312523,"https://www.google.com/maps/@51.714699,8.767006,200m/data=!3m1!1e3"
254,Recklinghausen,Germany,snapped,St. Peter (church),yes,213,1201,51.6167,7.2,51.615265,7.197972,https://www.openstreetmap.org/way/82309615,"https://www.google.com/maps/@51.615265,7.197972,200m/data=!3m1!1e3"
255,Remscheid,Germany,snapped,"unnamed government, 609 m²",yes,128,609,51.1833,7.2,51.182429,7.201205,https://www.openstreetmap.org/way/275188339,"https://www.google.com/maps/@51.182429,7.201205,200m/data=!3m1!1e3"
256,Salzgitter,Germany,snapped,BraWo Carree Salzgitter (commercial),,314,19100,52.1540,10.3320,52.151606,10.329556,https://www.openstreetmap.org/way/201515204,"https://www.google.com/maps/@52.151606,10.329556,200m/data=!3m1!1e3"
257,Siegen,Germany,kept,"unnamed building, 612 m²",,0,612,50.8667,8.0333,50.8667,8.0333,https://www.openstreetmap.org/way/148641248,"https://www.google.com/maps/@50.8667,8.0333,200m/data=!3m1!1e3"
258,Solingen,Germany,snapped,"unnamed industrial, 5,598 m²",,230,5598,51.1833,7.0833,51.181664,7.085319,https://www.openstreetmap.org/way/310052807,"https://www.google.com/maps/@51.181664,7.085319,200m/data=!3m1!1e3"
259,Witten,Germany,snapped,Saalbau Witten (civic),yes,73,4774,51.4333,7.3333,51.433640,7.334197,https://www.openstreetmap.org/way/74481100,"https://www.google.com/maps/@51.433640,7.334197,200m/data=!3m1!1e3"
260,Wuppertal,Germany,snapped,"unnamed school, 5,645 m²",,221,5645,51.2667,7.1833,51.267298,7.186329,https://www.openstreetmap.org/way/232965434,"https://www.google.com/maps/@51.267298,7.186329,200m/data=!3m1!1e3"
261,Amstetten,Austria,snapped,"unnamed building, 4,071 m²",,256,4071,48.1167,14.8667,48.115239,14.869359,https://www.openstreetmap.org/way/351401148,"https://www.google.com/maps/@48.115239,14.869359,200m/data=!3m1!1e3"
262,Baden,Austria,snapped,Rudolfshof (residential),,313,323,48.0167,16.2333,48.017885,16.229483,https://www.openstreetmap.org/way/222232059,"https://www.google.com/maps/@48.017885,16.229483,200m/data=!3m1!1e3"
263,Braunau,Austria,snapped,"unnamed building, 1,030 m²",,171,1030,48.2667,13.0333,48.267049,13.031047,https://www.openstreetmap.org/way/242574905,"https://www.google.com/maps/@48.267049,13.031047,200m/data=!3m1!1e3"
264,Bregenz,Austria,snapped,"unnamed service, 603 m²",,380,603,47.5,9.7667,47.496954,9.764418,https://www.openstreetmap.org/way/119023240,"https://www.google.com/maps/@47.496954,9.764418,200m/data=!3m1!1e3"
265,Bruck an der Mur,Austria,snapped,"unnamed industrial, 3,206 m²",,391,3206,47.4167,15.2833,47.416942,15.278123,https://www.openstreetmap.org/way/333532350,"https://www.google.com/maps/@47.416942,15.278123,200m/data=!3m1!1e3"
266,Dornbirn,Austria,snapped,"unnamed industrial, 4,936 m²",,177,4936,47.4167,9.7333,47.415111,9.733238,https://www.openstreetmap.org/way/163627041,"https://www.google.com/maps/@47.415111,9.733238,200m/data=!3m1!1e3"
267,Feldkirch,Austria,snapped,Montforthaus (community centre),yes,341,2563,47.2333,9.6,47.235962,9.597766,https://www.openstreetmap.org/way/318382633,"https://www.google.com/maps/@47.235962,9.597766,200m/data=!3m1!1e3"
268,Hallein,Austria,snapped,Bahnhof Hallein (train station),yes,208,979,47.6833,13.1,47.685077,13.099128,https://www.openstreetmap.org/way/91241450,"https://www.google.com/maps/@47.685077,13.099128,200m/data=!3m1!1e3"
269,Kapfenberg,Austria,snapped,"unnamed house, 441 m²",,342,441,47.4333,15.3,47.435540,15.296887,https://www.openstreetmap.org/way/377848587,"https://www.google.com/maps/@47.435540,15.296887,200m/data=!3m1!1e3"
270,Klosterneuburg,Austria,snapped,Kerbl am Weinberg (restaurant),,262,978,48.3,16.3167,48.300281,16.320214,https://www.openstreetmap.org/way/543120379,"https://www.google.com/maps/@48.300281,16.320214,200m/data=!3m1!1e3"
271,Krems,Austria,snapped,"unnamed residential, 1,147 m²",,196,1147,48.4167,15.6,48.418432,15.600437,https://www.openstreetmap.org/way/709684455,"https://www.google.com/maps/@48.418432,15.600437,200m/data=!3m1!1e3"
272,Leoben,Austria,snapped,LCS (building),,370,18739,47.3833,15.1,47.381983,15.095492,https://www.openstreetmap.org/way/90119079,"https://www.google.com/maps/@47.381983,15.095492,200m/data=!3m1!1e3"
273,Mödling,Austria,snapped,"unnamed farm auxiliary, 932 m²",,298,932,48.0833,16.4667,48.083978,16.462822,https://www.openstreetmap.org/way/556344417,"https://www.google.com/maps/@48.083978,16.462822,200m/data=!3m1!1e3"
274,Steyr,Austria,snapped,"unnamed building, 3,825 m²",,7,3825,48.0667,14.4167,48.066697,14.416791,https://www.openstreetmap.org/way/1099784460,"https://www.google.com/maps/@48.066697,14.416791,200m/data=!3m1!1e3"
275,Traun,Austria,snapped,Spinnerei (community centre),yes,347,1905,48.2167,14.2333,48.219262,14.235966,https://www.openstreetmap.org/way/493996804,"https://www.google.com/maps/@48.219262,14.235966,200m/data=!3m1!1e3"
276,Wiener Neustadt,Austria,snapped,Kleinwasserkraftwerk Akademie (industrial),,290,669,47.8,16.25,47.799238,16.246286,https://www.openstreetmap.org/way/448827134,"https://www.google.com/maps/@47.799238,16.246286,200m/data=!3m1!1e3"
277,Wolfsberg,Austria,snapped,"unnamed building, 1,260 m²",,99,1260,46.8333,14.8333,46.833774,14.834397,https://www.openstreetmap.org/way/243493330,"https://www.google.com/maps/@46.833774,14.834397,200m/data=!3m1!1e3"
278,Biel/Bienne,Switzerland,kept,"unnamed apartments, 407 m²",,0,407,47.1371,7.2461,47.1371,7.2461,https://www.openstreetmap.org/way/926274065,"https://www.google.com/maps/@47.1371,7.2461,200m/data=!3m1!1e3"
279,Chur,Switzerland,snapped,Rathaus (government),yes,123,902,46.8497,9.5313,46.849017,9.532563,https://www.openstreetmap.org/way/316092000,"https://www.google.com/maps/@46.849017,9.532563,200m/data=!3m1!1e3"
280,Köniz,Switzerland,snapped,VIDMARhallen (building),,197,11070,46.9333,7.4167,46.934976,7.417540,https://www.openstreetmap.org/way/284270145,"https://www.google.com/maps/@46.934976,7.417540,200m/data=!3m1!1e3"
281,La Chaux-de- Fonds,Switzerland,kept,"unnamed industrial, 656 m²",,0,656,47.1,6.8333,47.1,6.8333,https://www.openstreetmap.org/way/49190807,"https://www.google.com/maps/@47.1,6.8333,200m/data=!3m1!1e3"
282,Schaffhausen,Switzerland,snapped,St. Johann (church),yes,115,1637,47.6963,8.6345,47.696447,8.636020,https://www.openstreetmap.org/way/159312646,"https://www.google.com/maps/@47.696447,8.636020,200m/data=!3m1!1e3"
283,Thun,Switzerland,snapped,"unnamed industrial, 2,236 m²",,365,2236,46.7667,7.6333,46.769879,7.632149,https://www.openstreetmap.org/way/465597687,"https://www.google.com/maps/@46.769879,7.632149,200m/data=!3m1!1e3"
284,Borås,Sweden,snapped,"unnamed office, 3,776 m²",,374,3776,57.7333,12.9167,57.730595,12.920426,https://www.openstreetmap.org/way/85127497,"https://www.google.com/maps/@57.730595,12.920426,200m/data=!3m1!1e3"
285,Helsingborg,Sweden,snapped,"unnamed building, 8,247 m²",,260,8247,56.0833,12.75,56.080986,12.749410,https://www.openstreetmap.org/way/1191570224,"https://www.google.com/maps/@56.080986,12.749410,200m/data=!3m1!1e3"
286,Jönköping,Sweden,kept,DB Schenker (warehouse),,0,27802,57.75,14.1667,57.75,14.1667,https://www.openstreetmap.org/way/103722965,"https://www.google.com/maps/@57.75,14.1667,200m/data=!3m1!1e3"
287,Linköping,Sweden,snapped,"unnamed apartments, 471 m²",,380,471,58.4167,15.5833,58.414342,15.588020,https://www.openstreetmap.org/way/205311334,"https://www.google.com/maps/@58.414342,15.588020,200m/data=!3m1!1e3"
288,Norrköping,Sweden,snapped,Victoriaskolan (school),,202,3197,58.5833,16.1667,58.584077,16.169847,https://www.openstreetmap.org/way/101272756,"https://www.google.com/maps/@58.584077,16.169847,200m/data=!3m1!1e3"
289,Drammen,Norway,snapped,"unnamed commercial, 2,411 m²",,44,2411,59.75,10.25,59.750132,10.249251,https://www.openstreetmap.org/way/141546731,"https://www.google.com/maps/@59.750132,10.249251,200m/data=!3m1!1e3"
290,Kristiansand,Norway,snapped,Kristiansand domkirke (cathedral),yes,18,1396,58.1460,7.9948,58.146124,7.994610,https://www.openstreetmap.org/way/173829550,"https://www.google.com/maps/@58.146124,7.994610,200m/data=!3m1!1e3"
291,Espoo,Finland,snapped,Retail Park Finno (retail),,353,7062,60.1667,24.7,60.164888,24.705225,https://www.openstreetmap.org/way/80932003,"https://www.google.com/maps/@60.164888,24.705225,200m/data=!3m1!1e3"
292,Kuopio,Finland,snapped,RIISA - Suomen ortodoksinen kirkkomuseo (commercial),yes,135,1987,62.9,27.6667,62.898795,27.666365,https://www.openstreetmap.org/way/87819398,"https://www.google.com/maps/@62.898795,27.666365,200m/data=!3m1!1e3"
293,Lahti,Finland,snapped,"unnamed school, 5,563 m²",,156,5563,61.0,25.6667,60.998615,25.667157,https://www.openstreetmap.org/way/46652422,"https://www.google.com/maps/@60.998615,25.667157,200m/data=!3m1!1e3"
294,Oulu,Finland,snapped,Kartonkikone BM7 (industrial),,224,28157,65.0,25.4333,64.999795,25.428571,https://www.openstreetmap.org/way/127246195,"https://www.google.com/maps/@64.999795,25.428571,200m/data=!3m1!1e3"
295,Pori,Finland,snapped,"unnamed industrial, 2,793 m²",,113,2793,61.4667,21.75,61.466566,21.747886,https://www.openstreetmap.org/way/473919680,"https://www.google.com/maps/@61.466566,21.747886,200m/data=!3m1!1e3"
296,Tampere,Finland,snapped,Tampereen kauppahalli (retail),yes,167,2626,61.4980,23.7610,61.496949,23.758748,https://www.openstreetmap.org/way/93480494,"https://www.google.com/maps/@61.496949,23.758748,200m/data=!3m1!1e3"
297,Vantaa,Finland,snapped,"unnamed industrial, 21,765 m²",,259,21765,60.3,24.95,60.299128,24.945643,https://www.openstreetmap.org/way/27518483,"https://www.google.com/maps/@60.299128,24.945643,200m/data=!3m1!1e3"
298,Helsingør,Denmark,snapped,Toldkammeret (community centre),yes,102,1317,56.0334,12.6126,56.033908,12.613959,https://www.openstreetmap.org/way/113512834,"https://www.google.com/maps/@56.033908,12.613959,200m/data=!3m1!1e3"
299,Esbjerg,Denmark,kept,"unnamed building, 322 m²",,0,322,55.4667,8.4667,55.4667,8.4667,https://www.openstreetmap.org/way/132442997,"https://www.google.com/maps/@55.4667,8.4667,200m/data=!3m1!1e3"
300,Horsens,Denmark,snapped,Bilka (retail),,358,16600,55.8607,9.8503,55.857669,9.852195,https://www.openstreetmap.org/way/127577174,"https://www.google.com/maps/@55.857669,9.852195,200m/data=!3m1!1e3"
301,Kolding,Denmark,snapped,"unnamed building, 3,350 m²",,182,3350,55.4833,9.5,55.484357,9.502199,https://www.openstreetmap.org/way/106026653,"https://www.google.com/maps/@55.484357,9.502199,200m/data=!3m1!1e3"
302,Randers,Denmark,snapped,"unnamed building, 2,659 m²",,96,2659,56.4667,10.05,56.467549,10.049720,https://www.openstreetmap.org/way/568911820,"https://www.google.com/maps/@56.467549,10.049720,200m/data=!3m1!1e3"
303,Roskilde,Denmark,snapped,"unnamed detached, 432 m²",,21,432,55.65,12.1167,55.650003,12.116373,https://www.openstreetmap.org/way/566720395,"https://www.google.com/maps/@55.650003,12.116373,200m/data=!3m1!1e3"
304,Vejle,Denmark,snapped,Sygehusvaskeriet (building),,374,2737,55.7167,9.55,55.716644,9.544040,https://www.openstreetmap.org/way/41748336,"https://www.google.com/maps/@55.716644,9.544040,200m/data=!3m1!1e3"
305,Cork,Ireland,snapped,City Hall (civic),yes,356,7157,51.9,-8.4667,51.896914,-8.465354,https://www.openstreetmap.org/way/120291202,"https://www.google.com/maps/@51.896914,-8.465354,200m/data=!3m1!1e3"
306,Galway,Ireland,snapped,Aengus House (apartments),,226,1428,53.2667,-9.05,53.268719,-9.050392,https://www.openstreetmap.org/way/163414619,"https://www.google.com/maps/@53.268719,-9.050392,200m/data=!3m1!1e3"
307,Limerick,Ireland,snapped,"unnamed hospital, 2,685 m²",yes,87,2685,52.6667,-8.6333,52.667475,-8.633456,https://www.openstreetmap.org/way/25561063,"https://www.google.com/maps/@52.667475,-8.633456,200m/data=!3m1!1e3"
308,Waterford,Ireland,snapped,Newtown School (secondary) (school),,162,3902,52.25,-7.1,52.251383,-7.100757,https://www.openstreetmap.org/way/44029408,"https://www.google.com/maps/@52.251383,-7.100757,200m/data=!3m1!1e3"
309,Differdange,Luxembourg,snapped,Hôpital Intercommunal Princesse Marie-Astrid (hospital),yes,220,7524,49.5333,5.8833,49.532653,5.886175,https://www.openstreetmap.org/way/25586929,"https://www.google.com/maps/@49.532653,5.886175,200m/data=!3m1!1e3"
310,Dudelange,Luxembourg,snapped,Ancien laminoir de Dudelange (industrial),,254,38209,49.4667,6.0833,49.465573,6.080248,https://www.openstreetmap.org/way/327517165,"https://www.google.com/maps/@49.465573,6.080248,200m/data=!3m1!1e3"
311,Esch-sur-Alzette,Luxembourg,snapped,Monnerecher Scouten (detached),,289,400,49.5333,6.0,49.534114,6.003803,https://www.openstreetmap.org/way/162953871,"https://www.google.com/maps/@49.534114,6.003803,200m/data=!3m1!1e3"
312,Akureyri,Iceland,snapped,Menningarhúsið Hof (arts centre),yes,238,2567,65.6815,-18.0900,65.683357,-18.087414,https://www.openstreetmap.org/way/423897306,"https://www.google.com/maps/@65.683357,-18.087414,200m/data=!3m1!1e3"
313,Reykjavik,Iceland,snapped,Saga Museum (retail),yes,292,750,64.15,-21.95,64.152564,-21.951277,https://www.openstreetmap.org/way/106469186,"https://www.google.com/maps/@64.152564,-21.951277,200m/data=!3m1!1e3"
314,Durrës,Albania,snapped,"unnamed college, 4,516 m²",yes,311,4516,41.3133,19.4457,41.310575,19.444859,https://www.openstreetmap.org/way/750428324,"https://www.google.com/maps/@41.310575,19.444859,200m/data=!3m1!1e3"
315,Shkodër,Albania,snapped,Teatri Migjeni (theatre),yes,84,1756,42.0683,19.5117,42.068894,19.511070,https://www.openstreetmap.org/way/324756972,"https://www.google.com/maps/@42.068894,19.511070,200m/data=!3m1!1e3"
316,Tirana,Albania,kept,"unnamed apartments, 676 m²",,0,676,41.3333,19.8333,41.3333,19.8333,https://www.openstreetmap.org/way/1232992063,"https://www.google.com/maps/@41.3333,19.8333,200m/data=!3m1!1e3"
317,Sarajevo,Bosnia and Herzegovina,snapped,Gazi Husrev-begov bezistan (marketplace),yes,117,2054,43.8590,18.4295,43.858819,18.428070,https://www.openstreetmap.org/way/188836329,"https://www.google.com/maps/@43.858819,18.428070,200m/data=!3m1!1e3"
318,Skopje,North Macedonia,snapped,"unnamed building, 17,336 m²",,304,17336,42.0,21.4833,41.999640,21.479654,https://www.openstreetmap.org/way/37996988,"https://www.google.com/maps/@41.999640,21.479654,200m/data=!3m1!1e3"
319,Limassol,Cyprus,snapped,Μεσαιωνικό Κάστρο Λεμεσού (attraction),yes,85,1219,34.6730,33.0418,34.672249,33.041666,https://www.openstreetmap.org/way/175830695,"https://www.google.com/maps/@34.672249,33.041666,200m/data=!3m1!1e3"
320,Nicosia,Cyprus,snapped,Kaimakli Local Hospital (hospital),yes,150,515,35.1833,33.3833,35.184216,33.382088,https://www.openstreetmap.org/way/489031375,"https://www.google.com/maps/@35.184216,33.382088,200m/data=!3m1!1e3"
321,Brăila,Romania,snapped,"unnamed retail, 2,840 m²",,373,2840,45.2833,27.9667,45.282438,27.971306,https://www.openstreetmap.org/way/91728187,"https://www.google.com/maps/@45.282438,27.971306,200m/data=!3m1!1e3"
322,Craiova,Romania,snapped,"unnamed house, 349 m²",,242,349,44.3,23.7833,44.302079,23.782396,https://www.openstreetmap.org/way/1457834405,"https://www.google.com/maps/@44.302079,23.782396,200m/data=!3m1!1e3"
323,Galați,Romania,snapped,Shopping City Galați (commercial),,289,52010,45.45,28.0333,45.452180,28.031285,https://www.openstreetmap.org/way/249168970,"https://www.google.com/maps/@45.452180,28.031285,200m/data=!3m1!1e3"
324,Iași,Romania,snapped,"unnamed building, 3,115 m²",,86,3115,47.15,27.6333,47.149477,27.634132,https://www.openstreetmap.org/way/216503074,"https://www.google.com/maps/@47.149477,27.634132,200m/data=!3m1!1e3"
325,Cluj-Napoca,Romania,snapped,Kaufland (building),,213,5638,46.7833,23.6167,46.782102,23.614514,https://www.openstreetmap.org/way/154946779,"https://www.google.com/maps/@46.782102,23.614514,200m/data=!3m1!1e3"
326,Constanța,Romania,snapped,Edificiul Roman cu Mozaic (museum),yes,115,2426,44.1737,28.6573,44.173103,28.658472,https://www.openstreetmap.org/way/272823081,"https://www.google.com/maps/@44.173103,28.658472,200m/data=!3m1!1e3"
327,Brașov,Romania,snapped,"unnamed building, 1,239 m²",,211,1239,45.65,25.5833,45.651305,25.585260,https://www.openstreetmap.org/way/272866368,"https://www.google.com/maps/@45.651305,25.585260,200m/data=!3m1!1e3"
328,Timișoara,Romania,snapped,"unnamed building, 7,278 m²",,374,7278,45.75,21.25,45.752728,21.247188,https://www.openstreetmap.org/way/219155285,"https://www.google.com/maps/@45.752728,21.247188,200m/data=!3m1!1e3"
329,Debrecen,Hungary,snapped,"unnamed building, 396 m²",,180,396,47.5,21.6167,47.499248,21.614587,https://www.openstreetmap.org/way/1228574448,"https://www.google.com/maps/@47.499248,21.614587,200m/data=!3m1!1e3"
330,Győr,Hungary,snapped,Glovita Kesztyű Zrt. (building),,227,4444,47.6833,17.6667,47.685205,17.665602,https://www.openstreetmap.org/way/498841987,"https://www.google.com/maps/@47.685205,17.665602,200m/data=!3m1!1e3"
331,Miskolc,Hungary,snapped,"unnamed school, 1,137 m²",,361,1137,48.1167,20.7833,48.117925,20.787792,https://www.openstreetmap.org/way/119136393,"https://www.google.com/maps/@48.117925,20.787792,200m/data=!3m1!1e3"
332,Pécs,Hungary,snapped,Pécsi Nemzeti Színház (public),yes,188,1663,46.0762,18.2283,46.076108,18.230735,https://www.openstreetmap.org/way/225990862,"https://www.google.com/maps/@46.076108,18.230735,200m/data=!3m1!1e3"
333,Szeged,Hungary,snapped,Magyarok Nagyasszonya-székesegyház Dóm (cathedral),yes,139,2592,46.25,20.15,46.248906,20.149138,https://www.openstreetmap.org/way/82422804,"https://www.google.com/maps/@46.248906,20.149138,200m/data=!3m1!1e3"
334,Burgas,Bulgaria,snapped,Летен театър (civic),yes,180,2029,42.5,27.4833,42.498485,27.482533,https://www.openstreetmap.org/way/1127701746,"https://www.google.com/maps/@42.498485,27.482533,200m/data=!3m1!1e3"
335,Plovdiv,Bulgaria,kept,"unnamed building, 1,711 m²",,0,1711,42.1333,24.75,42.1333,24.75,https://www.openstreetmap.org/way/135437982,"https://www.google.com/maps/@42.1333,24.75,200m/data=!3m1!1e3"
336,Ruse,Bulgaria,snapped,Доходното здание (building),yes,169,4633,43.8485,25.9545,43.847921,25.952547,https://www.openstreetmap.org/way/212128643,"https://www.google.com/maps/@43.847921,25.952547,200m/data=!3m1!1e3"
337,Stara Zagora,Bulgaria,snapped,"unnamed building, 6,366 m²",,243,6366,42.4167,25.6167,42.414960,25.618495,https://www.openstreetmap.org/way/891253013,"https://www.google.com/maps/@42.414960,25.618495,200m/data=!3m1!1e3"
338,Varna,Bulgaria,snapped,Свето Успение Богородично (place of worship),yes,64,1181,43.2049,27.9106,43.205255,27.909985,https://www.openstreetmap.org/way/1177863780,"https://www.google.com/maps/@43.205255,27.909985,200m/data=!3m1!1e3"
339,Chania,Greece,snapped,Φρούριο Φιρκά (castle),yes,248,2390,35.5167,24.0167,35.518729,24.015569,https://www.openstreetmap.org/way/1069616183,"https://www.google.com/maps/@35.518729,24.015569,200m/data=!3m1!1e3"
340,Heraklion,Greece,snapped,"unnamed building, 420 m²",,194,420,35.3333,25.2,35.331619,25.200546,https://www.openstreetmap.org/way/626700177,"https://www.google.com/maps/@35.331619,25.200546,200m/data=!3m1!1e3"
341,Kavala,Greece,snapped,ΠΕΔΥ (public),yes,394,1661,40.9385,24.4110,40.936146,24.407493,https://www.openstreetmap.org/way/320111060,"https://www.google.com/maps/@40.936146,24.407493,200m/data=!3m1!1e3"
342,Larissa,Greece,snapped,Άγιος Νικόλαος (church),yes,171,1283,39.6333,22.4167,39.633897,22.414868,https://www.openstreetmap.org/way/135401060,"https://www.google.com/maps/@39.633897,22.414868,200m/data=!3m1!1e3"
343,Patras,Greece,snapped,Μουσείο Λαϊκής Τέχνης (museum),yes,246,620,38.2333,21.7333,38.234951,21.731428,https://www.openstreetmap.org/way/165471347,"https://www.google.com/maps/@38.234951,21.731428,200m/data=!3m1!1e3"
344,Piraeus,Greece,snapped,Πολιτιστικό Κέντρο Μελίνα Μερκούρη (community centre),yes,270,627,37.95,23.7,37.947683,23.700900,https://www.openstreetmap.org/way/349191268,"https://www.google.com/maps/@37.947683,23.700900,200m/data=!3m1!1e3"
345,Serres,Greece,snapped,"unnamed building, 1,485 m²",,117,1485,41.0833,23.5167,41.082350,23.516101,https://www.openstreetmap.org/way/1088247619,"https://www.google.com/maps/@41.082350,23.516101,200m/data=!3m1!1e3"
346,Volos,Greece,snapped,Δικαστικό Μέγαρο (courthouse),yes,393,1269,39.3667,22.95,39.363817,22.947358,https://www.openstreetmap.org/way/36836243,"https://www.google.com/maps/@39.363817,22.947358,200m/data=!3m1!1e3"
347,Belgrade,Serbia,snapped,Epic Event Center (restaurant),,395,694,44.8333,20.5,44.831960,20.495371,https://www.openstreetmap.org/way/1091680795,"https://www.google.com/maps/@44.831960,20.495371,200m/data=!3m1!1e3"
348,Niš,Serbia,snapped,"unnamed building, 1,195 m²",,92,1195,43.3333,21.9,43.333755,21.900945,https://www.openstreetmap.org/way/691546486,"https://www.google.com/maps/@43.333755,21.900945,200m/data=!3m1!1e3"
349,Novi Sad,Serbia,kept,"unnamed apartments, 505 m²",,0,505,45.25,19.85,45.25,19.85,https://www.openstreetmap.org/way/219748913,"https://www.google.com/maps/@45.25,19.85,200m/data=!3m1!1e3"
350,Osijek,Croatia,kept,"unnamed house, 7,640 m²",,0,7640,45.55,18.6833,45.55,18.6833,https://www.openstreetmap.org/way/555758622,"https://www.google.com/maps/@45.55,18.6833,200m/data=!3m1!1e3"
351,Košice,Slovakia,snapped,Stavebná fakulta TUKE (university),yes,376,3438,48.7333,21.25,48.734314,21.245110,https://www.openstreetmap.org/way/170007143,"https://www.google.com/maps/@48.734314,21.245110,200m/data=!3m1!1e3"
352,Apeldoorn,Netherlands,snapped,"unnamed civic, 7,374 m²",yes,385,7374,52.2167,5.95,52.219678,5.952873,https://www.openstreetmap.org/way/263025973,"https://www.google.com/maps/@52.219678,5.952873,200m/data=!3m1!1e3"
353,L'Hospitalet de Llobregat,Spain,snapped,"unnamed stadium, 6,150 m²",yes,388,6150,41.35,2.1,41.346708,2.101536,https://www.openstreetmap.org/way/733891114,"https://www.google.com/maps/@41.346708,2.101536,200m/data=!3m1!1e3"
354,Las Palmas de Gran Canaria,Spain,kept,Catedral de Santa Ana (cathedral),yes,0,3633,28.1011,-15.4146,28.1011,-15.4146,https://www.openstreetmap.org/way/38062745,"https://www.google.com/maps/@28.1011,-15.4146,200m/data=!3m1!1e3"
355,Amadora,Portugal,snapped,"unnamed building, 5,010 m²",,42,5010,38.75,-9.2167,38.750256,-9.217056,https://www.openstreetmap.org/way/768600410,"https://www.google.com/maps/@38.750256,-9.217056,200m/data=!3m1!1e3"
356,Barreiro,Portugal,snapped,Piscina Municipal do Barreiro (building),,375,1219,38.6667,-9.0833,38.663338,-9.083020,https://www.openstreetmap.org/way/1540990486,"https://www.google.com/maps/@38.663338,-9.083020,200m/data=!3m1!1e3"
357,Vila Nova de Gaia,Portugal,snapped,Cenáculo do Espírito Santo (place of worship),yes,348,3054,41.1238,-8.6118,41.122869,-8.607840,https://www.openstreetmap.org/way/485232275,"https://www.google.com/maps/@41.122869,-8.607840,200m/data=!3m1!1e3"
358,Sosnowiec,Poland,snapped,"unnamed service, 885 m²",,395,885,50.2667,19.1167,50.268843,19.121122,https://www.openstreetmap.org/way/193163625,"https://www.google.com/maps/@50.268843,19.121122,200m/data=!3m1!1e3"
359,Olomouc,Czechia,snapped,sv. Mořic (church),yes,119,1976,49.5941,17.2509,49.595134,17.251341,https://www.openstreetmap.org/way/23344425,"https://www.google.com/maps/@49.595134,17.251341,200m/data=!3m1!1e3"
360,Bradford,United Kingdom,snapped,LIFE Church UK (place of worship),yes,332,2853,53.8,-1.75,53.799984,-1.744949,https://www.openstreetmap.org/way/201348458,"https://www.google.com/maps/@53.799984,-1.744949,200m/data=!3m1!1e3"
361,Abu Dhabi,United Arab Emirates,snapped,قصر الحصن (civic),yes,266,8836,24.4823,54.3548,24.482796,54.357364,https://www.openstreetmap.org/way/397390538,"https://www.google.com/maps/@24.482796,54.357364,200m/data=!3m1!1e3"
362,Amman,Jordan,snapped,Husseini Mosque (place of worship),yes,135,1844,31.95,35.9333,31.949667,35.934669,https://www.openstreetmap.org/way/178938551,"https://www.google.com/maps/@31.949667,35.934669,200m/data=!3m1!1e3"
363,Bandar Seri Begawan,Brunei,snapped,Masjid Rashidah Sa'adatul Bolkiah (mosque),yes,227,1813,4.9333,114.9667,4.935297,114.967131,https://www.openstreetmap.org/way/512473353,"https://www.google.com/maps/@4.935297,114.967131,200m/data=!3m1!1e3"
364,Be'er Sheva,Israel,snapped,"unnamed building, 3,090 m²",,62,3090,31.25,34.7833,31.249772,34.782711,https://www.openstreetmap.org/way/319163005,"https://www.google.com/maps/@31.249772,34.782711,200m/data=!3m1!1e3"
365,Beirut,Lebanon,snapped,"unnamed mosque, 565 m²",yes,198,565,33.8833,35.5,33.885069,35.499798,https://www.openstreetmap.org/way/547932117,"https://www.google.com/maps/@33.885069,35.499798,200m/data=!3m1!1e3"
366,Bnei Brak,Israel,snapped,מרכז גריאטרי גיל עוז (social facility),,202,2153,32.0833,34.8667,32.084014,34.864731,https://www.openstreetmap.org/way/209972745,"https://www.google.com/maps/@32.084014,34.864731,200m/data=!3m1!1e3"
367,Chattogram,Bangladesh,snapped,"unnamed building, 585 m²",,83,585,22.3333,91.8,22.332765,91.799439,https://www.openstreetmap.org/way/513775728,"https://www.google.com/maps/@22.332765,91.799439,200m/data=!3m1!1e3"
368,Colombo,Sri Lanka,snapped,Colombo Fort (train station),yes,48,1073,6.9333,79.85,6.933727,79.850080,https://www.openstreetmap.org/way/232514810,"https://www.google.com/maps/@6.933727,79.850080,200m/data=!3m1!1e3"
369,Da Nang,Vietnam,snapped,"unnamed building, 3,573 m²",,326,3573,16.0667,108.2333,16.064828,108.230956,https://www.openstreetmap.org/way/1558455141,"https://www.google.com/maps/@16.064828,108.230956,200m/data=!3m1!1e3"
370,Dehiwala,Sri Lanka,snapped,Dehiwala Jummah Masjid (building),,293,1460,6.8667,79.8667,6.864181,79.865942,https://www.openstreetmap.org/way/609212779,"https://www.google.com/maps/@6.864181,79.865942,200m/data=!3m1!1e3"
371,Dhaka,Bangladesh,kept,Babuly Rose Villa (apartments),,0,616,23.7167,90.4167,23.7167,90.4167,https://www.openstreetmap.org/way/441227069,"https://www.google.com/maps/@23.7167,90.4167,200m/data=!3m1!1e3"
372,Faisalabad,Pakistan,snapped,"unnamed building, 4,756 m²",,390,4756,31.4185,73.0791,31.415984,73.081960,https://www.openstreetmap.org/way/1385756073,"https://www.google.com/maps/@31.415984,73.081960,200m/data=!3m1!1e3"
373,Galle,Sri Lanka,kept,"unnamed transportation, 2,439 m²",,0,2439,6.0330,80.2155,6.0330,80.2155,https://www.openstreetmap.org/way/137308920,"https://www.google.com/maps/@6.0330,80.2155,200m/data=!3m1!1e3"
374,Gujranwala,Pakistan,snapped,PTCL Exchange (commercial),,222,1532,32.1600,74.1880,32.161995,74.188033,https://www.openstreetmap.org/way/287517984,"https://www.google.com/maps/@32.161995,74.188033,200m/data=!3m1!1e3"
375,Haifa,Israel,kept,"unnamed building, 330 m²",,0,330,32.8167,34.9833,32.8167,34.9833,https://www.openstreetmap.org/way/179243044,"https://www.google.com/maps/@32.8167,34.9833,200m/data=!3m1!1e3"
376,Haiphong,Vietnam,snapped,Tòa án nhân dân khu vực 5 - Hải Phòng (courthouse),yes,377,5433,20.8333,106.6833,20.831021,106.680618,https://www.openstreetmap.org/way/1189415115,"https://www.google.com/maps/@20.831021,106.680618,200m/data=!3m1!1e3"
377,Hanoi,Vietnam,snapped,Nhà hát Hồng Hà (theatre),yes,348,838,21.0333,105.85,21.031524,105.847248,https://www.openstreetmap.org/way/700853373,"https://www.google.com/maps/@21.031524,105.847248,200m/data=!3m1!1e3"
378,Ho Chi Minh City,Vietnam,snapped,Chung Cư Felisa Riverside (apartments),,97,3159,10.75,106.6667,10.749351,106.666103,https://www.openstreetmap.org/way/1389992942,"https://www.google.com/maps/@10.749351,106.666103,200m/data=!3m1!1e3"
379,Holon,Israel,snapped,בית הכנסת (place of worship),yes,203,474,32.0333,34.7833,32.031480,34.783174,https://www.openstreetmap.org/way/663504618,"https://www.google.com/maps/@32.031480,34.783174,200m/data=!3m1!1e3"
380,Hyderabad,Pakistan,handpicked,,,0,,25.3920,68.3740,25.3920,68.3740,,"https://www.google.com/maps/@25.3920,68.3740,200m/data=!3m1!1e3"
381,Irbid,Jordan,snapped,"unnamed building, 1,987 m²",,154,1987,32.55,35.85,32.551302,35.850541,https://www.openstreetmap.org/way/1338613552,"https://www.google.com/maps/@32.551302,35.850541,200m/data=!3m1!1e3"
382,Islamabad,Pakistan,snapped,"unnamed place of worship, 1,034 m²",yes,270,1034,33.7110,73.0600,33.708861,73.058616,https://www.openstreetmap.org/way/1425522904,"https://www.google.com/maps/@33.708861,73.058616,200m/data=!3m1!1e3"
383,Jaffna,Sri Lanka,snapped,"unnamed building, 2,839 m²",,215,2839,9.6667,80.0167,9.665710,80.015023,https://www.openstreetmap.org/way/571493796,"https://www.google.com/maps/@9.665710,80.015023,200m/data=!3m1!1e3"
384,Jerusalem,Israel,kept,"unnamed building, 852 m²",,0,852,31.7833,35.2167,31.7833,35.2167,https://www.openstreetmap.org/way/160373398,"https://www.google.com/maps/@31.7833,35.2167,200m/data=!3m1!1e3"
385,Kandy,Sri Lanka,snapped,"unnamed apartments, 2,845 m²",,359,2845,7.2833,80.6667,7.281643,80.669486,https://www.openstreetmap.org/way/221352787,"https://www.google.com/maps/@7.281643,80.669486,200m/data=!3m1!1e3"
386,Karachi,Pakistan,snapped,Dar-us-Salaam (place of worship),yes,114,843,24.8667,67.05,24.866975,67.048909,https://www.openstreetmap.org/way/783741231,"https://www.google.com/maps/@24.866975,67.048909,200m/data=!3m1!1e3"
387,Kathmandu,Nepal,snapped,"unnamed house, 577 m²",,340,577,27.7,85.3333,27.702670,85.334971,https://www.openstreetmap.org/way/341368762,"https://www.google.com/maps/@27.702670,85.334971,200m/data=!3m1!1e3"
388,Kuwait City,Kuwait,handpicked,,,0,,29.3333,47.9833,29.3333,47.9833,,"https://www.google.com/maps/@29.3333,47.9833,200m/data=!3m1!1e3"
389,Lahore,Pakistan,snapped,کھڑک سنگھ کی حویلی (castle),yes,228,1582,31.5870,74.3140,31.588282,74.315880,https://www.openstreetmap.org/way/604910486,"https://www.google.com/maps/@31.588282,74.315880,200m/data=!3m1!1e3"
390,Manama,Bahrain,snapped,سوق باب البحرين (marketplace),yes,134,8142,26.2345,50.5760,26.233298,50.576059,https://www.openstreetmap.org/way/1361385174,"https://www.google.com/maps/@26.233298,50.576059,200m/data=!3m1!1e3"
391,Muscat,Oman,snapped,المتحف الوطني (museum),yes,355,4803,23.6147,58.5945,23.611617,58.593602,https://www.openstreetmap.org/way/269436905,"https://www.google.com/maps/@23.611617,58.593602,200m/data=!3m1!1e3"
392,Nha Trang,Vietnam,snapped,Nhà Thiếu nhi tỉnh Khánh Hòa (no),yes,218,25400,12.2465,109.1880,12.248453,109.188067,https://www.openstreetmap.org/way/1241549485,"https://www.google.com/maps/@12.248453,109.188067,200m/data=!3m1!1e3"
393,Petah Tikva,Israel,snapped,מקור חיים (place of worship),yes,304,500,32.087,34.8781,32.085271,34.880590,https://www.openstreetmap.org/way/208635328,"https://www.google.com/maps/@32.085271,34.880590,200m/data=!3m1!1e3"
394,Phnom Penh,Cambodia,snapped,អាហារូបករណ៍គ្រីស្ទានអន្តរជាតិ (building),,183,722,11.55,104.9167,11.549912,104.918379,https://www.openstreetmap.org/way/520781284,"https://www.google.com/maps/@11.549912,104.918379,200m/data=!3m1!1e3"
395,Quy Nhon,Vietnam,snapped,Trung tâm Hội nghị tỉnh Bình Định (building),,350,5668,13.7760,109.2230,13.773124,109.221701,https://www.openstreetmap.org/way/157532085,"https://www.google.com/maps/@13.773124,109.221701,200m/data=!3m1!1e3"
396,Ramat Gan,Israel,snapped,"unnamed hospital, 636 m²",yes,290,636,32.0667,34.8,32.064477,34.798400,https://www.openstreetmap.org/way/198418152,"https://www.google.com/maps/@32.064477,34.798400,200m/data=!3m1!1e3"
397,Rawalpindi,Pakistan,snapped,PTCL (building),,335,7487,33.5960,73.0510,33.593231,73.049578,https://www.openstreetmap.org/way/230173320,"https://www.google.com/maps/@33.593231,73.049578,200m/data=!3m1!1e3"
398,Sharjah,United Arab Emirates,snapped,"unnamed building, 3,335 m²",,356,3335,25.3333,55.4333,25.334972,55.430283,https://www.openstreetmap.org/way/1094074471,"https://www.google.com/maps/@25.334972,55.430283,200m/data=!3m1!1e3"
399,Tripoli,Lebanon,snapped,برج السبع (castle),yes,246,566,34.45,35.8333,34.449886,35.830624,https://www.openstreetmap.org/way/301669700,"https://www.google.com/maps/@34.449886,35.830624,200m/data=!3m1!1e3"
400,Ulaanbaatar,Mongolia,snapped,Төмөр замын их сургууль (university),yes,113,3407,47.9167,106.8833,47.915852,106.884135,https://www.openstreetmap.org/way/177856640,"https://www.google.com/maps/@47.915852,106.884135,200m/data=!3m1!1e3"
401,Mito,Japan,kept,"unnamed public, 5,349 m²",yes,0,5349,36.3659,140.4712,36.3659,140.4712,https://www.openstreetmap.org/way/664697073,"https://www.google.com/maps/@36.3659,140.4712,200m/data=!3m1!1e3"
402,Utsunomiya,Japan,kept,宇都宮市役所 (townhall),yes,0,5149,36.5551,139.8828,36.5551,139.8828,https://www.openstreetmap.org/way/100466419,"https://www.google.com/maps/@36.5551,139.8828,200m/data=!3m1!1e3"
403,Maebashi,Japan,kept,前橋市役所 (townhall),yes,0,2856,36.3895,139.0634,36.3895,139.0634,https://www.openstreetmap.org/way/309673298,"https://www.google.com/maps/@36.3895,139.0634,200m/data=!3m1!1e3"
404,Takasaki,Japan,kept,高崎市役所 (office),yes,0,7634,36.3219,139.0033,36.3219,139.0033,https://www.openstreetmap.org/way/164029666,"https://www.google.com/maps/@36.3219,139.0033,200m/data=!3m1!1e3"
405,Kawagoe,Japan,kept,川越市役所 (civic),yes,0,1601,35.9251,139.4858,35.9251,139.4858,https://www.openstreetmap.org/way/222406198,"https://www.google.com/maps/@35.9251,139.4858,200m/data=!3m1!1e3"
406,Kawaguchi,Japan,snapped,川口市役所 (civic),yes,126,2815,35.8077,139.7241,35.806720,139.723392,https://www.openstreetmap.org/way/204523885,"https://www.google.com/maps/@35.806720,139.723392,200m/data=!3m1!1e3"
407,Tokorozawa,Japan,kept,所沢市役所 (townhall),yes,0,5585,35.7997,139.4686,35.7997,139.4686,https://www.openstreetmap.org/way/160511465,"https://www.google.com/maps/@35.7997,139.4686,200m/data=!3m1!1e3"
408,Koshigaya,Japan,kept,越谷市役所 (public),yes,0,3241,35.891,139.7909,35.891,139.7909,https://www.openstreetmap.org/way/611047651,"https://www.google.com/maps/@35.891,139.7909,200m/data=!3m1!1e3"
409,Hirakata,Japan,snapped,ステーションヒル枚方 京阪モール (retail),,327,4579,34.8143,135.6507,34.817208,135.650156,https://www.openstreetmap.org/way/1491390176,"https://www.google.com/maps/@34.817208,135.650156,200m/data=!3m1!1e3"
410,Suita,Japan,kept,低層棟 (government),yes,0,1957,34.7595,135.5169,34.7595,135.5169,https://www.openstreetmap.org/way/310746656,"https://www.google.com/maps/@34.7595,135.5169,200m/data=!3m1!1e3"
411,Toyonaka,Japan,snapped,"unnamed government, 2,719 m²",yes,72,2719,34.7813,135.469,34.781298,135.469788,https://www.openstreetmap.org/way/268876172,"https://www.google.com/maps/@34.781298,135.469788,200m/data=!3m1!1e3"
412,Akashi,Japan,kept,"unnamed building, 3,128 m²",,0,3128,34.6431,134.9972,34.6431,134.9972,https://www.openstreetmap.org/way/198009400,"https://www.google.com/maps/@34.6431,134.9972,200m/data=!3m1!1e3"
413,Nishinomiya,Japan,kept,西宮市役所 (government),yes,0,4603,34.7377,135.3416,34.7377,135.3416,https://www.openstreetmap.org/way/158680688,"https://www.google.com/maps/@34.7377,135.3416,200m/data=!3m1!1e3"
414,Amagasaki,Japan,kept,南館 (building),,0,2361,34.7337,135.4064,34.7337,135.4064,https://www.openstreetmap.org/way/438360064,"https://www.google.com/maps/@34.7337,135.4064,200m/data=!3m1!1e3"
415,Matsue,Japan,kept,松江役所 本庁舎 本館 (building),,0,3389,35.4681,133.0484,35.4681,133.0484,https://www.openstreetmap.org/way/319666097,"https://www.google.com/maps/@35.4681,133.0484,200m/data=!3m1!1e3"
416,Tottori,Japan,snapped,"unnamed building, 6,425 m²",,202,6425,35.5011,134.2351,35.501734,134.237191,https://www.openstreetmap.org/way/398114749,"https://www.google.com/maps/@35.501734,134.237191,200m/data=!3m1!1e3"
417,Yamagata,Japan,kept,山形市役所 (townhall),yes,0,5922,38.2554,140.3396,38.2554,140.3396,https://www.openstreetmap.org/way/259225158,"https://www.google.com/maps/@38.2554,140.3396,200m/data=!3m1!1e3"
418,Fukushima,Japan,kept,庁舎棟 (government),yes,0,3902,37.7608,140.4747,37.7608,140.4747,https://www.openstreetmap.org/way/1561080795,"https://www.google.com/maps/@37.7608,140.4747,200m/data=!3m1!1e3"
419,Morioka,Japan,kept,"unnamed building, 2,157 m²",,0,2157,39.7036,141.1527,39.7036,141.1527,https://www.openstreetmap.org/way/427689928,"https://www.google.com/maps/@39.7036,141.1527,200m/data=!3m1!1e3"
420,Aomori,Japan,snapped,青森市役所 本庁舎 (townhall),yes,63,2507,40.8221,140.7474,40.822612,140.747096,https://www.openstreetmap.org/way/226061848,"https://www.google.com/maps/@40.822612,140.747096,200m/data=!3m1!1e3"
421,Hachinohe,Japan,kept,八戸市庁本館 (townhall),yes,0,2621,40.5123,141.4884,40.5123,141.4884,https://www.openstreetmap.org/way/350786263,"https://www.google.com/maps/@40.5123,141.4884,200m/data=!3m1!1e3"
422,Koriyama,Japan,kept,郡山市役所 (townhall),yes,0,5264,37.4005,140.3597,37.4005,140.3597,https://www.openstreetmap.org/way/304607141,"https://www.google.com/maps/@37.4005,140.3597,200m/data=!3m1!1e3"
423,Iwaki,Japan,kept,いわき市役所 (building),,0,3512,37.0505,140.8877,37.0505,140.8877,https://www.openstreetmap.org/way/129282908,"https://www.google.com/maps/@37.0505,140.8877,200m/data=!3m1!1e3"
424,Tsukuba,Japan,kept,つくば市役所 (civic),yes,0,5993,36.0835,140.0764,36.0835,140.0764,https://www.openstreetmap.org/way/171243906,"https://www.google.com/maps/@36.0835,140.0764,200m/data=!3m1!1e3"
425,Nagaoka,Japan,kept,アオーレ長岡 (townhall),yes,0,11692,37.4463,138.8513,37.4463,138.8513,https://www.openstreetmap.org/way/362496449,"https://www.google.com/maps/@37.4463,138.8513,200m/data=!3m1!1e3"
426,Abidjan,Côte d'Ivoire,snapped,"unnamed building, 1,752 m²",,339,1752,5.3167,-4.0333,5.317842,-4.036138,https://www.openstreetmap.org/way/818644909,"https://www.google.com/maps/@5.317842,-4.036138,200m/data=!3m1!1e3"
427,Accra,Ghana,snapped,"unnamed building, 2,173 m²",,80,2173,5.6037,-0.187,5.603221,-0.186457,https://www.openstreetmap.org/way/1162633597,"https://www.google.com/maps/@5.603221,-0.186457,200m/data=!3m1!1e3"
428,Agadir,Morocco,snapped,Résidence Petit Palace (residential),,224,1079,30.4278,-9.5981,30.426369,-9.599743,https://www.openstreetmap.org/way/575992201,"https://www.google.com/maps/@30.426369,-9.599743,200m/data=!3m1!1e3"
429,Algiers,Algeria,snapped,"unnamed library, 2,545 m²",yes,397,2545,36.7833,3.05,36.781148,3.046456,https://www.openstreetmap.org/way/263645886,"https://www.google.com/maps/@36.781148,3.046456,200m/data=!3m1!1e3"
430,Annaba,Algeria,snapped,Palais de la Culture Mohamed Boudiaf (public),yes,228,5127,36.9010,7.7560,36.902762,7.757296,https://www.openstreetmap.org/way/165582436,"https://www.google.com/maps/@36.902762,7.757296,200m/data=!3m1!1e3"
431,Arusha,Tanzania,snapped,"unnamed building, 1,051 m²",,246,1051,-3.3833,36.6667,-3.385491,36.666984,https://www.openstreetmap.org/way/623931661,"https://www.google.com/maps/@-3.385491,36.666984,200m/data=!3m1!1e3"
432,Blida,Algeria,snapped,"unnamed building, 6,934 m²",,311,6934,36.5,2.8333,36.497249,2.833894,https://www.openstreetmap.org/way/1174137923,"https://www.google.com/maps/@36.497249,2.833894,200m/data=!3m1!1e3"
433,Bouaké,Côte d'Ivoire,snapped,"unnamed building, 1,869 m²",,300,1869,7.7,-5.0,7.697470,-4.999075,https://www.openstreetmap.org/way/1385620857,"https://www.google.com/maps/@7.697470,-4.999075,200m/data=!3m1!1e3"
434,Bulawayo,Zimbabwe,snapped,"unnamed building, 405 m²",,389,405,-20.1667,28.7167,-20.168031,28.713256,https://www.openstreetmap.org/way/488162856,"https://www.google.com/maps/@-20.168031,28.713256,200m/data=!3m1!1e3"
435,Casablanca,Morocco,snapped,Gare Routière Ouled Ziane ⴰⵙⵡⵓⵏⴼⵓ محطة أولاد زيان الحافلات (bus station),,288,8107,33.5731,-7.5898,33.575442,-7.588488,https://www.openstreetmap.org/way/419545012,"https://www.google.com/maps/@33.575442,-7.588488,200m/data=!3m1!1e3"
436,Chingola,Zambia,snapped,"unnamed building, 1,356 m²",,66,1356,-12.5167,27.8833,-12.517123,27.883725,https://www.openstreetmap.org/way/654905035,"https://www.google.com/maps/@-12.517123,27.883725,200m/data=!3m1!1e3"
437,Constantine,Algeria,snapped,Palais de la culture Mohamed Laïd El-Khalifa (civic),yes,282,2920,36.3655,6.6105,36.363854,6.608116,https://www.openstreetmap.org/way/228968529,"https://www.google.com/maps/@36.363854,6.608116,200m/data=!3m1!1e3"
438,Dakar,Senegal,snapped,"unnamed mosque, 1,639 m²",yes,189,1639,14.6667,-17.4333,14.667488,-17.434858,https://www.openstreetmap.org/way/248482182,"https://www.google.com/maps/@14.667488,-17.434858,200m/data=!3m1!1e3"
439,Daloa,Côte d'Ivoire,snapped,Institut National d'hygiène publique (hospital),yes,348,2749,6.8770,-6.4510,6.874339,-6.452661,https://www.openstreetmap.org/way/787115258,"https://www.google.com/maps/@6.874339,-6.452661,200m/data=!3m1!1e3"
440,Dar es Salaam,Tanzania,snapped,The Aga Khan University (university),yes,382,1129,-6.8,39.2833,-6.799688,39.279857,https://www.openstreetmap.org/way/667397461,"https://www.google.com/maps/@-6.799688,39.279857,200m/data=!3m1!1e3"
441,Dodoma,Tanzania,snapped,"unnamed building, 372 m²",,272,372,-6.1667,35.6667,-6.167895,35.664558,https://www.openstreetmap.org/way/841997915,"https://www.google.com/maps/@-6.167895,35.664558,200m/data=!3m1!1e3"
442,Entebbe,Uganda,snapped,"unnamed building, 483 m²",,394,483,0.0667,32.45,0.070018,32.451229,https://www.openstreetmap.org/way/825732449,"https://www.google.com/maps/@0.070018,32.451229,200m/data=!3m1!1e3"
443,Fez,Morocco,snapped,Tribunal de Première Instance (courthouse),yes,230,4093,34.0331,-5.0003,34.032173,-4.998068,https://www.openstreetmap.org/way/186942881,"https://www.google.com/maps/@34.032173,-4.998068,200m/data=!3m1!1e3"
444,Francistown,Botswana,snapped,"unnamed building, 3,738 m²",,388,3738,-21.1167,27.5333,-21.115322,27.536728,https://www.openstreetmap.org/way/90940573,"https://www.google.com/maps/@-21.115322,27.536728,200m/data=!3m1!1e3"
445,Gaborone,Botswana,snapped,Bank of Botswana (bank),,72,2969,-24.6555,25.9105,-24.655954,25.911013,https://www.openstreetmap.org/way/93257784,"https://www.google.com/maps/@-24.655954,25.911013,200m/data=!3m1!1e3"
446,Gweru,Zimbabwe,snapped,"unnamed building, 1,970 m²",,50,1970,-19.45,29.8167,-19.450271,29.816317,https://www.openstreetmap.org/way/494086865,"https://www.google.com/maps/@-19.450271,29.816317,200m/data=!3m1!1e3"
447,Harare,Zimbabwe,snapped,"National Railways Of Zimbabwe, Harare Train Station (train station)",yes,256,1800,-17.8333,31.05,-17.834957,31.051675,https://www.openstreetmap.org/way/245290279,"https://www.google.com/maps/@-17.834957,31.051675,200m/data=!3m1!1e3"
448,Jinja,Uganda,snapped,"unnamed building, 7,413 m²",,359,7413,0.45,33.2333,0.451966,33.235853,https://www.openstreetmap.org/way/881061824,"https://www.google.com/maps/@0.451966,33.235853,200m/data=!3m1!1e3"
449,Kampala,Uganda,snapped,Kampala Hospital (hospital),yes,170,2399,0.3333,32.5833,0.332685,32.584694,https://www.openstreetmap.org/way/148065485,"https://www.google.com/maps/@0.332685,32.584694,200m/data=!3m1!1e3"
450,Kaolack,Senegal,snapped,"unnamed building, 605 m²",,346,605,14.1475,-16.0755,14.149328,-16.078097,https://www.openstreetmap.org/way/1177900008,"https://www.google.com/maps/@14.149328,-16.078097,200m/data=!3m1!1e3"
451,Keetmanshoop,Namibia,snapped,"unnamed building, 1,052 m²",,31,1052,-26.6,18.1333,-26.600080,18.133599,https://www.openstreetmap.org/way/421511457,"https://www.google.com/maps/@-26.600080,18.133599,200m/data=!3m1!1e3"
452,Kénitra,Morocco,snapped,Hôtel de Ville de Kénitra (townhall),yes,264,2067,34.261,-6.5802,34.262399,-6.582511,https://www.openstreetmap.org/way/331932604,"https://www.google.com/maps/@34.262399,-6.582511,200m/data=!3m1!1e3"
453,Kisumu,Kenya,snapped,Sikh Union Club (community centre),yes,309,1735,-0.1025,34.7610,-0.099728,34.760995,https://www.openstreetmap.org/way/319947729,"https://www.google.com/maps/@-0.099728,34.760995,200m/data=!3m1!1e3"
454,Kitwe,Zambia,snapped,ECL Mall (building),,170,30048,-12.8100,28.2130,-12.808702,28.212170,https://www.openstreetmap.org/way/1014166023,"https://www.google.com/maps/@-12.808702,28.212170,200m/data=!3m1!1e3"
455,Kumasi,Ghana,snapped,"unnamed building, 4,455 m²",,278,4455,6.6885,-1.6244,6.688833,-1.621906,https://www.openstreetmap.org/way/503339103,"https://www.google.com/maps/@6.688833,-1.621906,200m/data=!3m1!1e3"
456,Lusaka,Zambia,snapped,East Park Mall (retail),,387,50736,-15.3875,28.3228,-15.390899,28.322033,https://www.openstreetmap.org/way/614461977,"https://www.google.com/maps/@-15.390899,28.322033,200m/data=!3m1!1e3"
457,Marrakesh,Morocco,snapped,Bab Doukkala (city gate),yes,88,373,31.6342,-7.9999,31.633988,-7.999008,https://www.openstreetmap.org/way/126153361,"https://www.google.com/maps/@31.633988,-7.999008,200m/data=!3m1!1e3"
458,Mbale,Uganda,kept,"unnamed building, 396 m²",,0,396,1.0667,34.2,1.0667,34.2,https://www.openstreetmap.org/way/391146253,"https://www.google.com/maps/@1.0667,34.2,200m/data=!3m1!1e3"
459,Meknes,Morocco,snapped,Tribunal de deuxième instance محكمة الإستئناف (courthouse),yes,381,3777,33.8935,-5.5473,33.896445,-5.549403,https://www.openstreetmap.org/way/307429699,"https://www.google.com/maps/@33.896445,-5.549403,200m/data=!3m1!1e3"
460,Mombasa,Kenya,snapped,Jesus Celebration Centre - Buxton (place of worship),yes,187,2494,-4.0435,39.6682,-4.042668,39.666736,https://www.openstreetmap.org/way/634787401,"https://www.google.com/maps/@-4.042668,39.666736,200m/data=!3m1!1e3"
461,Mwanza,Tanzania,snapped,"unnamed building, 452 m²",,53,452,-2.5167,32.9333,-2.516328,32.933001,https://www.openstreetmap.org/way/874055576,"https://www.google.com/maps/@-2.516328,32.933001,200m/data=!3m1!1e3"
462,Nairobi,Kenya,snapped,Holy Family Basilica (church),yes,398,2148,-1.2864,36.8172,-1.287210,36.820685,https://www.openstreetmap.org/way/101814681,"https://www.google.com/maps/@-1.287210,36.820685,200m/data=!3m1!1e3"
463,Nakuru,Kenya,snapped,"unnamed building, 947 m²",,357,947,-0.2667,36.0667,-0.269908,36.066605,https://www.openstreetmap.org/way/376290282,"https://www.google.com/maps/@-0.269908,36.066605,200m/data=!3m1!1e3"
464,Ndola,Zambia,snapped,"unnamed building, 1,783 m²",,226,1783,-13.0,28.65,-13.001962,28.650546,https://www.openstreetmap.org/way/580219459,"https://www.google.com/maps/@-13.001962,28.650546,200m/data=!3m1!1e3"
465,Oran,Algeria,snapped,Direction régional CNAS Ouest (public),yes,337,4927,35.6973,-0.6336,35.695619,-0.630497,https://www.openstreetmap.org/way/335444279,"https://www.google.com/maps/@35.695619,-0.630497,200m/data=!3m1!1e3"
466,Oujda,Morocco,snapped,Souk Sidi Abdelwahab (commercial),yes,106,10095,34.6814,-1.9086,34.681074,-1.909692,https://www.openstreetmap.org/way/293305514,"https://www.google.com/maps/@34.681074,-1.909692,200m/data=!3m1!1e3"
467,Port Louis,Mauritius,snapped,"unnamed hospital, 7,809 m²",yes,335,7809,-20.1667,57.5,-20.169226,57.501739,https://www.openstreetmap.org/way/744301089,"https://www.google.com/maps/@-20.169226,57.501739,200m/data=!3m1!1e3"
468,Rabat,Morocco,snapped,Marché central (marketplace),yes,314,3608,34.0209,-6.8416,34.022445,-6.838759,https://www.openstreetmap.org/way/687030169,"https://www.google.com/maps/@34.022445,-6.838759,200m/data=!3m1!1e3"
469,Safi,Morocco,snapped,دائرة الأملاك المخزنية آسفي (public),yes,376,1105,32.2994,-9.2372,32.296232,-9.235805,https://www.openstreetmap.org/way/122266681,"https://www.google.com/maps/@32.296232,-9.235805,200m/data=!3m1!1e3"
470,Saint-Louis,Senegal,snapped,Grande Mosquée des HLM (mosque),yes,350,1025,16.0167,-16.5,16.014771,-16.497412,https://www.openstreetmap.org/way/181382456,"https://www.google.com/maps/@16.014771,-16.497412,200m/data=!3m1!1e3"
471,Zanzibar City,Tanzania,snapped,House of Wonders (public),yes,252,2720,-6.1630,39.1905,-6.160911,39.189622,https://www.openstreetmap.org/way/122950850,"https://www.google.com/maps/@-6.160911,39.189622,200m/data=!3m1!1e3"
472,Sétif,Algeria,kept,Boun.ilot 20-1 (building),,0,2337,36.1833,5.4,36.1833,5.4,https://www.openstreetmap.org/way/667050358,"https://www.google.com/maps/@36.1833,5.4,200m/data=!3m1!1e3"
473,Sidi Bel Abbès,Algeria,snapped,"unnamed public, 3,357 m²",yes,304,3357,35.1935,-0.6390,35.192675,-0.635813,https://www.openstreetmap.org/way/227145623,"https://www.google.com/maps/@35.192675,-0.635813,200m/data=!3m1!1e3"
474,Tamale,Ghana,snapped,"unnamed building, 875 m²",,70,875,9.4333,-0.8167,9.433418,-0.817323,https://www.openstreetmap.org/way/1392710306,"https://www.google.com/maps/@9.433418,-0.817323,200m/data=!3m1!1e3"
475,Tangier,Morocco,snapped,مسجد السوريين Mosquée Souriyine (place of worship),yes,260,1040,35.7673,-5.7998,35.769498,-5.800764,https://www.openstreetmap.org/way/451623561,"https://www.google.com/maps/@35.769498,-5.800764,200m/data=!3m1!1e3"
476,Tetouan,Morocco,snapped,"unnamed building, 1,036 m²",,310,1036,35.5889,-5.3626,35.588780,-5.359174,https://www.openstreetmap.org/way/1223979500,"https://www.google.com/maps/@35.588780,-5.359174,200m/data=!3m1!1e3"
477,Thies,Senegal,snapped,"unnamed public, 709 m²",yes,232,709,14.7910,-16.9260,14.792442,-16.927561,https://www.openstreetmap.org/way/197723183,"https://www.google.com/maps/@14.792442,-16.927561,200m/data=!3m1!1e3"
478,Tlemcen,Algeria,snapped,Actel Imama Algérie Télécom (building),,137,4542,34.8833,-1.35,34.882643,-1.348728,https://www.openstreetmap.org/way/410325337,"https://www.google.com/maps/@34.882643,-1.348728,200m/data=!3m1!1e3"
479,Windhoek,Namibia,snapped,KFBMI Church (church),yes,342,571,-22.5609,17.0658,-22.558875,17.068302,https://www.openstreetmap.org/way/905799784,"https://www.google.com/maps/@-22.558875,17.068302,200m/data=!3m1!1e3"
480,Ziguinchor,Senegal,snapped,Cathédrale Saint-Antoine-de-Padoue (place of worship),yes,158,985,12.5820,-16.2730,12.583217,-16.272250,https://www.openstreetmap.org/way/202565631,"https://www.google.com/maps/@12.583217,-16.272250,200m/data=!3m1!1e3"
481,Levin,New Zealand,kept,Post Shop (post office),,0,540,-40.6223,175.2867,-40.6223,175.2867,https://www.openstreetmap.org/way/545253243,"https://www.google.com/maps/@-40.6223,175.2867,200m/data=!3m1!1e3"
482,Paraparaumu,New Zealand,snapped,"unnamed building, 1,411 m²",,229,1411,-40.9167,175.0167,-40.916152,175.014070,https://www.openstreetmap.org/way/392575175,"https://www.google.com/maps/@-40.916152,175.014070,200m/data=!3m1!1e3"
483,Oamaru,New Zealand,snapped,Woolworths (building),,47,3302,-45.0976,170.9704,-45.097183,170.970498,https://www.openstreetmap.org/way/154609241,"https://www.google.com/maps/@-45.097183,170.970498,200m/data=!3m1!1e3"
484,Gore,New Zealand,snapped,"unnamed civic, 2,109 m²",yes,167,2109,-46.1028,168.9436,-46.102581,168.941465,https://www.openstreetmap.org/way/383202661,"https://www.google.com/maps/@-46.102581,168.941465,200m/data=!3m1!1e3"
485,Feilding,New Zealand,snapped,Manawatu District Council (townhall),yes,390,2235,-40.2258,175.5656,-40.223195,175.562538,https://www.openstreetmap.org/way/180766739,"https://www.google.com/maps/@-40.223195,175.562538,200m/data=!3m1!1e3"
486,Tokoroa,New Zealand,snapped,Saint Francis Anglican (place of worship),yes,182,572,-38.2248,175.8708,-38.223177,175.871035,https://www.openstreetmap.org/way/297522296,"https://www.google.com/maps/@-38.223177,175.871035,200m/data=!3m1!1e3"
487,Cambridge,New Zealand,snapped,Town Hall (community centre),yes,92,1123,-37.8918,175.4691,-37.892033,175.468093,https://www.openstreetmap.org/way/562991235,"https://www.google.com/maps/@-37.892033,175.468093,200m/data=!3m1!1e3"
488,Te Awamutu,New Zealand,kept,"unnamed building, 617 m²",,0,617,-38.0095,175.3252,-38.0095,175.3252,https://www.openstreetmap.org/way/344701745,"https://www.google.com/maps/@-38.0095,175.3252,200m/data=!3m1!1e3"
489,Pukekohe,New Zealand,snapped,Farmers (retail),,52,7972,-37.2012,174.9031,-37.201485,174.902642,https://www.openstreetmap.org/way/207117127,"https://www.google.com/maps/@-37.201485,174.902642,200m/data=!3m1!1e3"
490,Kerikeri,New Zealand,kept,"unnamed building, 780 m²",,0,780,-35.228,173.947,-35.228,173.947,https://www.openstreetmap.org/way/366243785,"https://www.google.com/maps/@-35.228,173.947,200m/data=!3m1!1e3"
491,Suva,Fiji,snapped,"unnamed building, 2,246 m²",,58,2246,-18.1416,178.4419,-18.141089,178.441811,https://www.openstreetmap.org/way/1130698392,"https://www.google.com/maps/@-18.141089,178.441811,200m/data=!3m1!1e3"
492,Port Moresby,Papua New Guinea,snapped,Aopi Building (public),yes,160,4988,-9.4438,147.1803,-9.443340,147.181684,https://www.openstreetmap.org/way/945700276,"https://www.google.com/maps/@-9.443340,147.181684,200m/data=!3m1!1e3"
493,Lae,Papua New Guinea,snapped,Cassowary Road United Church (place of worship),yes,316,988,-6.7155,146.9999,-6.718104,147.001030,https://www.openstreetmap.org/way/792230780,"https://www.google.com/maps/@-6.718104,147.001030,200m/data=!3m1!1e3"
494,Apia,Samoa,snapped,Marist Brothers Community Hall (community centre),yes,106,2715,-13.8333,-171.7667,-13.832856,-171.767571,https://www.openstreetmap.org/way/187130683,"https://www.google.com/maps/@-13.832856,-171.767571,200m/data=!3m1!1e3"
495,Nuku'alofa,Tonga,snapped,Queen Salote Memorial Hall (sports centre),,169,2943,-21.1394,-175.2049,-21.138310,-175.203767,https://www.openstreetmap.org/way/311720748,"https://www.google.com/maps/@-21.138310,-175.203767,200m/data=!3m1!1e3"
496,Port Vila,Vanuatu,snapped,Trade Tools (building),,57,2023,-17.7333,168.3273,-17.733318,168.327841,https://www.openstreetmap.org/way/1283045809,"https://www.google.com/maps/@-17.733318,168.327841,200m/data=!3m1!1e3"
497,Honiara,Solomon Islands,snapped,"unnamed building, 6,287 m²",,317,6287,-9.4333,159.95,-9.430513,159.949412,https://www.openstreetmap.org/way/631329726,"https://www.google.com/maps/@-9.430513,159.949412,200m/data=!3m1!1e3"
498,Nouméa,New Caledonia,snapped,Géant Casino (retail),,92,10552,-22.2758,166.458,-22.275233,166.458648,https://www.openstreetmap.org/way/38224515,"https://www.google.com/maps/@-22.275233,166.458648,200m/data=!3m1!1e3"
499,Majuro,Marshall Islands,snapped,K&K Supermarket (building),,252,4214,7.0900,171.3800,7.088097,171.378772,https://www.openstreetmap.org/way/142843348,"https://www.google.com/maps/@7.088097,171.378772,200m/data=!3m1!1e3"
500,Koror,Palau,snapped,Palasia Hotel (hotel),,213,2988,7.3419,134.4792,7.343411,134.480390,https://www.openstreetmap.org/way/267048282,"https://www.google.com/maps/@7.343411,134.480390,200m/data=!3m1!1e3"
