n,city,country,continent,anchor,lat,lon,terrain_m,poi_alt_m,gnd_radius_m,gnd_height_m,orig_lat,orig_lon,snap_building,snap_dist_m,snap_area_m2,snap_landmark,snap_osm,snap_status
351,Koblenz,Germany,Europe,Löhr-Center,50.358753,7.590978,82.0,109.0,,,50.3569,7.5889,Löhr-Center (retail),254,18364,yes,way/24887271,snapped
352,Trier,Germany,Europe,Europahalle,49.751529,6.636419,140.0,167.0,,,49.7499,6.6371,Europahalle (community centre),188,3187,yes,way/72858754,snapped
353,Saarbrücken,Germany,Europe,Altes Stadtbad St. Johann,49.239433,6.995881,198.0,225.0,,,49.2402,6.9969,Altes Stadtbad St. Johann (sports centre),113,2546,yes,way/123435249,snapped
354,Osnabrück,Germany,Europe,Innenstadt,52.277929,8.046136,63.0,90.0,,,52.2799,8.0472,"unnamed school, 5,071 m²",231,5071,yes,way/90860287,snapped
355,Oldenburg,Germany,Europe,CCO,53.144313,8.213644,9.0,36.0,,,53.1435,8.2146,CCO (building),111,5340,,way/34569971,snapped
356,Granada,Spain,Europe,Catedral de Granada,37.176508,-3.599145,696.0,723.0,,,37.1773,-3.5986,Catedral de Granada (cathedral),101,8382,yes,way/124069145,snapped
357,Valladolid,Spain,Europe,Catedral de Nuestra Señora de la Asunción,41.652663,-4.723406,710.0,737.0,,,41.6523,-4.7245,Catedral de Nuestra Señora de la Asunción (cathedral),100,3791,yes,way/60418554,snapped
358,Vigo,Spain,Europe,Sede da Xunta de Galicia en Vigo,42.240822,-8.719992,11.0,38.0,,,42.2406,-8.7207,Sede da Xunta de Galicia en Vigo (public),63,2790,yes,way/37208124,snapped
359,A Coruña,Spain,Europe,Pazo da Ópera,43.363174,-8.410975,40.0,67.0,,,43.3623,-8.4115,Pazo da Ópera (public),106,4091,yes,way/793324130,snapped
360,Gijón,Spain,Europe,C.C. Los Fresnos,43.532829,-5.661659,24.0,51.0,,,43.5322,-5.6611,C.C. Los Fresnos (retail),83,6176,,way/86032465,snapped
361,Oviedo,Spain,Europe,Teatro Campoamor,43.363031,-5.847806,234.0,261.0,,,43.3619,-5.8494,Teatro Campoamor (theatre),180,1694,yes,way/11128109,snapped
362,Santander,Spain,Europe,Centro Santander,43.4623,-3.8099,12.0,39.0,,,43.4623,-3.8099,Ayuntamiento de Santander (civic),0,2235,yes,way/707208682,kept
363,Pamplona,Spain,Europe,Baluarte,42.813696,-1.647663,443.0,470.0,,,42.8125,-1.6458,Baluarte (civic),202,7722,yes,way/28499232,snapped
364,San Sebastián,Spain,Europe,Artzain Onaren katedrala,43.316679,-1.981546,15.0,42.0,,,43.3183,-1.9812,Artzain Onaren katedrala (cathedral),183,2818,yes,way/28211382,snapped
365,Vitoria-Gasteiz,Spain,Europe,Maria Sortzez Garbiaren katedrala,42.845394,-2.677107,523.0,550.0,,,42.8467,-2.6727,Maria Sortzez Garbiaren katedrala (cathedral),388,5581,yes,way/23726184,snapped
366,Salamanca,Spain,Europe,Mercado de San Juan,40.971099,-5.661083,817.0,844.0,,,40.9701,-5.6635,Mercado de San Juan (retail),232,1380,yes,way/48581888,snapped
367,Toledo,Spain,Europe,Nuncio Nuevo,39.860130,-4.029719,513.0,540.0,,,39.8628,-4.0273,Nuncio Nuevo (government),362,3562,yes,way/104424867,snapped
368,Burgos,Spain,Europe,Iglesia de San Lesmes,42.343155,-3.696174,864.0,891.0,,,42.3439,-3.6969,Iglesia de San Lesmes (church),102,1592,yes,way/86163390,snapped
369,León,Spain,Europe,Catedral de León,42.599479,-5.566626,843.0,870.0,,,42.5987,-5.5671,Catedral de León (cathedral),95,3569,yes,way/46344508,snapped
370,Almería,Spain,Europe,Palacio de Justicia,36.834800,-2.463544,9.0,36.0,,,36.834,-2.4637,Palacio de Justicia (public),90,1281,yes,way/108273588,snapped
371,Cádiz,Spain,Europe,Centro Cádiz,36.5271,-6.2886,20.0,47.0,,,36.5271,-6.2886,Palacio de Justicia Audiencia Provincial de Cádiz (public),0,2318,yes,way/162533714,kept
372,Jerez de la Frontera,Spain,Europe,Centro,36.683590,-6.125352,48.0,75.0,,,36.685,-6.1261,"unnamed industrial, 52,552 m²",171,52552,,way/321543943,snapped
373,Huelva,Spain,Europe,Centro Huelva,37.259462,-6.943609,41.0,68.0,,,37.2614,-6.9447,"unnamed building, 3,712 m²",236,3712,,way/803818318,snapped
374,Badajoz,Spain,Europe,Ministerio de Hacienda y Economía,38.877237,-6.972856,186.0,213.0,,,38.8794,-6.9707,Ministerio de Hacienda y Economía (public),305,1746,yes,way/569414853,snapped
375,Cáceres,Spain,Europe,Colegio de la Compañía de Jesús,39.473398,-6.370065,464.0,491.0,,,39.4753,-6.3724,Colegio de la Compañía de Jesús (building),292,1899,yes,way/731871780,snapped
376,Tarragona,Spain,Europe,Viding Sports Club,41.120887,1.243835,31.0,58.0,,,41.1189,1.2445,Viding Sports Club (building),228,7828,,way/556730114,snapped
377,Girona,Spain,Europe,Mercat municipal d'Abastaments,41.979584,2.822845,77.0,104.0,,,41.9794,2.8214,Mercat municipal d'Abastaments (public),121,2153,yes,way/583621959,snapped
378,Lleida,Spain,Europe,Santuari de Santa Teresina,41.616410,0.615922,178.0,205.0,,,41.6176,0.62,Santuari de Santa Teresina (church),364,2409,yes,way/107423333,snapped
379,Castellón de la Plana,Spain,Europe,Estació de Castelló,39.988289,-0.052328,45.0,72.0,,,39.9864,-0.0513,Estació de Castelló (train station),228,4724,yes,way/677424728,snapped
380,Logroño,Spain,Europe,Centro Logroño,42.461644,-2.447597,396.0,423.0,,,42.4627,-2.4449,"unnamed apartments, 13,632 m²",251,13632,,way/93644441,snapped
381,Venice,Italy,Europe,Venezia Centro,45.440541,12.313843,-1.0,26.0,,,45.4408,12.3155,"unnamed government, 2,145 m²",133,2145,yes,way/138841328,snapped
382,Palermo,Italy,Europe,Chiesa di San Giuseppe dei Teatini,38.115256,13.361456,33.0,60.0,,,38.1157,13.3615,Chiesa di San Giuseppe dei Teatini (church),50,2319,yes,way/424559529,snapped
383,Catania,Italy,Europe,Catania Centro,37.508218,15.078676,48.0,75.0,,,37.5079,15.083,"unnamed university, 3,910 m²",384,3910,yes,way/93661830,snapped
384,Bari,Italy,Europe,Bari Centrale,41.117949,16.870095,6.0,33.0,,,41.1171,16.8719,Bari Centrale (train station),178,2371,yes,way/417998837,snapped
385,Trieste,Italy,Europe,Mercato Comunale Coperto,45.649071,13.778666,18.0,45.0,,,45.6495,13.7768,Mercato Comunale Coperto (public),153,2273,yes,way/609823392,snapped
386,Parma,Italy,Europe,Teatro Regio,44.803235,10.326805,67.0,94.0,,,44.8015,10.3279,Teatro Regio (theatre),212,3374,yes,way/186277406,snapped
387,Modena,Italy,Europe,Dipartimento di Economia “Marco Biagi”,44.650071,10.923088,39.0,66.0,,,44.6471,10.9252,Dipartimento di Economia “Marco Biagi” (university),371,4730,yes,way/167305594,snapped
388,Reggio Emilia,Italy,Europe,Teatro Municipale Romolo Valli,44.700969,10.631347,64.0,91.0,,,44.6989,10.6297,Teatro Municipale Romolo Valli (theatre),265,3919,yes,way/168156606,snapped
389,Perugia,Italy,Europe,Palazzo dei Priori,43.111563,12.388452,483.0,510.0,,,43.1107,12.3908,Palazzo dei Priori (public),214,2582,yes,way/84301937,snapped
390,Ravenna,Italy,Europe,Teatro Dante Alighieri,44.417482,12.201039,9.0,36.0,,,44.4184,12.2035,Teatro Dante Alighieri (theatre),221,1837,yes,way/158269489,snapped
391,Rimini,Italy,Europe,San Giuseppe al Porto,44.070927,12.569690,2.0,29.0,,,44.0678,12.5695,San Giuseppe al Porto (church),348,1067,yes,way/223787661,snapped
392,Ferrara,Italy,Europe,Cattedrale di San Giorgio Martire,44.835588,11.620326,20.0,47.0,,,44.8381,11.6198,Cattedrale di San Giorgio Martire (cathedral),283,4511,yes,way/338822833,snapped
393,Livorno,Italy,Europe,Mercato Centrale,43.549969,10.312598,14.0,41.0,,,43.5485,10.3106,Mercato Centrale (marketplace),230,5722,yes,way/58304991,snapped
394,Pisa,Italy,Europe,Chiesa di Santa Caterina d'Alessandria,43.721146,10.404705,11.0,38.0,,,43.7228,10.4017,Chiesa di Santa Caterina d'Alessandria (church),304,1817,yes,way/95460603,snapped
395,Lucca,Italy,Europe,Palazzo Ducale,43.841252,10.501537,24.0,51.0,,,43.8429,10.5027,Palazzo Ducale (attraction),206,5356,yes,way/180148963,snapped
396,Siena,Italy,Europe,Spedale Santa Maria della Scala,43.316923,11.328241,349.0,376.0,,,43.3188,11.3308,Spedale Santa Maria della Scala (public),294,6542,yes,way/275972216,snapped
397,Arezzo,Italy,Europe,Basilica di San Francesco,43.464439,11.880764,272.0,299.0,,,43.4633,11.8796,Basilica di San Francesco (place of worship),158,1050,yes,way/722162132,snapped
398,Bergamo,Italy,Europe,Ex Palazzetto dello Sport,45.701734,9.678332,258.0,285.0,,,45.6983,9.6773,Ex Palazzetto dello Sport (stadium),391,2076,yes,way/48995243,snapped
399,Brescia,Italy,Europe,Palazzo Bargnani,45.540120,10.213800,153.0,180.0,,,45.5416,10.2118,Palazzo Bargnani (palace),227,1861,yes,way/262896710,snapped
400,Monza,Italy,Europe,Ex Caserma San Paolo,45.585577,9.274796,170.0,197.0,,,45.5845,9.2744,Ex Caserma San Paolo (public),124,2140,yes,way/227144858,snapped
401,Como,Italy,Europe,Como Centro,45.8081,9.0852,215.0,242.0,,,45.8081,9.0852,"unnamed building, 1,873 m²",0,1873,,way/110245933,kept
402,Trento,Italy,Europe,Trento Centro,46.0748,11.1217,196.0,223.0,,,46.0748,11.1217,"unnamed office, 1,714 m²",0,1714,,way/53879679,kept
403,Bolzano,Italy,Europe,Freie Universität Bozen - Libera Università di Bolzano,46.498240,11.350117,266.0,293.0,,,46.4983,11.3548,Freie Universität Bozen - Libera Università di Bolzano (university),359,7119,yes,way/48977942,snapped
404,Vicenza,Italy,Europe,Teatro Comunale,45.548068,11.534022,34.0,61.0,,,45.5455,11.5354,Teatro Comunale (theatre),305,4165,yes,way/225923237,snapped
405,Lecce,Italy,Europe,Cinema Massimo,40.351478,18.174158,51.0,78.0,,,40.3515,18.175,Cinema Massimo (cinema),72,1752,yes,way/299718318,snapped
406,Groningen,Netherlands,Europe,Groningen Centrum,53.2194,6.5665,16.0,43.0,,,53.2194,6.5665,Het Groot Handelshuis (commercial),0,2222,,way/270164745,kept
407,Maastricht,Netherlands,Europe,Maastricht Centrum,50.851835,5.692859,53.0,80.0,,,50.8514,5.691,"unnamed commercial, 6,711 m²",139,6711,,way/276240200,snapped
408,Tilburg,Netherlands,Europe,Tilburg Centrum,51.5555,5.0913,16.0,43.0,,,51.5555,5.0913,"unnamed apartments, 341 m²",0,341,,way/281064053,kept
409,Breda,Netherlands,Europe,Boeimeerflat,51.571063,4.768767,4.0,31.0,,,51.5719,4.7683,Boeimeerflat (apartments),99,1399,,way/267587884,snapped
410,Nijmegen,Netherlands,Europe,Nijmegen Centrum,51.813171,5.836739,14.0,41.0,,,51.8126,5.8372,"unnamed sports centre, 7,187 m²",71,7187,,way/281216441,snapped
411,Arnhem,Netherlands,Europe,Arnhem Centrum,51.984149,5.901353,24.0,51.0,,,51.9851,5.8987,"unnamed train station, 6,786 m²",210,6786,yes,way/498613991,snapped
412,Haarlem,Netherlands,Europe,Vomar,52.390813,4.646568,3.0,30.0,,,52.3874,4.6462,Vomar (retail),381,3470,,way/1410002316,snapped
413,Leiden,Netherlands,Europe,Hooglandse Kerk,52.157968,4.494219,9.0,36.0,,,52.1601,4.497,Hooglandse Kerk (church),304,3211,yes,way/288153046,snapped
414,Delft,Netherlands,Europe,Delft Centrum,52.0116,4.3571,4.0,31.0,,,52.0116,4.3571,"unnamed apartments, 408 m²",0,408,,way/254136809,kept
415,Enschede,Netherlands,Europe,Wilminktheater,52.222689,6.894948,47.0,74.0,,,52.2215,6.8937,Wilminktheater (theatre),157,6136,yes,way/272583939,snapped
416,Amersfoort,Netherlands,Europe,Sint-Joriskerk,52.156656,5.390355,11.0,38.0,,,52.1561,5.3878,Sint-Joriskerk (church),185,2666,yes,way/57977234,snapped
417,Zwolle,Netherlands,Europe,TalentStad,52.516805,6.080328,5.0,32.0,,,52.5168,6.083,TalentStad (school),181,6729,,way/271056949,snapped
418,Alkmaar,Netherlands,Europe,Ringers Winkelcentrum,52.634186,4.751130,6.0,33.0,,,52.6324,4.7534,Ringers Winkelcentrum (building),251,15477,,way/633712855,snapped
419,Leeuwarden,Netherlands,Europe,Leeuwarden Centrum,53.2012,5.7999,4.0,31.0,,,53.2012,5.7999,Provinsjehûs Fryslân (civic),0,3570,yes,way/302419536,kept
420,'s- Hertogenbosch,Netherlands,Europe,Arrahma Moskee,51.698391,5.300009,5.0,32.0,,,51.6978,5.3037,Arrahma Moskee (place of worship),263,1085,yes,way/268506481,snapped
421,Bruges,Belgium,Europe,Provinciaal Hof,51.208937,3.225227,12.0,39.0,,,51.2093,3.2247,Provinciaal Hof (townhall),55,1421,yes,way/221397599,snapped
422,Leuven,Belgium,Europe,Sint-Pieterskerk,50.879521,4.701225,35.0,62.0,,,50.8798,4.7005,Sint-Pieterskerk (church),60,3441,yes,way/37427236,snapped
423,Liège,Belgium,Europe,Liège Centre,50.6326,5.5797,70.0,97.0,,,50.6326,5.5797,Patinoire de Liège (building),0,4431,,way/452554178,kept
424,Charleroi,Belgium,Europe,Palais des Beaux-Arts,50.413848,4.442613,134.0,161.0,,,50.4108,4.4446,Palais des Beaux-Arts (retail),367,5791,yes,way/574910733,snapped
425,Namur,Belgium,Europe,Palais de Justice de Namur,50.467489,4.872814,81.0,108.0,,,50.4674,4.8718,Palais de Justice de Namur (public),73,7241,yes,way/1163418539,snapped
426,Mechelen,Belgium,Europe,Sint-Romboutskathedraal,51.028877,4.479008,10.0,37.0,,,51.0259,4.4776,Sint-Romboutskathedraal (cathedral),346,4265,yes,way/28809723,snapped
427,Hasselt,Belgium,Europe,Station Hasselt,50.930781,5.328174,39.0,66.0,,,50.9307,5.3325,Station Hasselt (train station),304,1736,yes,way/97336017,snapped
428,Mons,Belgium,Europe,Cours de Justice,50.457560,3.958414,42.0,69.0,,,50.4542,3.9567,Cours de Justice (public),393,5316,yes,way/1290723439,snapped
429,Kortrijk,Belgium,Europe,Stadhuis Kortrijk,50.828710,3.264016,19.0,46.0,,,50.828,3.2649,Stadhuis Kortrijk (townhall),101,2804,yes,way/567406736,snapped
430,Ostend,Belgium,Europe,Sint-Petrus-en-Pauluskerk,51.229617,2.921244,10.0,37.0,,,51.23,2.92,Sint-Petrus-en-Pauluskerk (church),97,1864,yes,way/89028952,snapped
431,Salzburg,Austria,Europe,Salzburg Altstadt,47.809284,13.053027,427.0,454.0,,,47.8095,13.055,"unnamed industrial, 2,958 m²",149,2958,,way/45130370,snapped
432,Innsbruck,Austria,Europe,Sillpark Shopping Center,47.266118,11.404186,582.0,609.0,,,47.2692,11.4041,Sillpark Shopping Center (retail),343,14173,,way/97819328,snapped
433,Linz,Austria,Europe,Linzer Schloss,48.305602,14.282283,295.0,322.0,,,48.3069,14.2858,Linzer Schloss (castle),298,4155,yes,way/14039464,snapped
434,Klagenfurt,Austria,Europe,Landhaus,46.624883,14.305894,452.0,479.0,,,46.6247,14.3053,Landhaus (public),50,1929,yes,way/43596350,snapped
435,Villach,Austria,Europe,Innenstadt,46.6103,13.8558,494.0,521.0,,,46.6103,13.8558,Landespolizeidirektion Kärnten - PK Villach (police),0,3509,,way/144545775,kept
436,Wels,Austria,Europe,Stadtzentrum,48.1575,14.0289,315.0,342.0,,,48.1575,14.0289,"unnamed building, 343 m²",0,343,,way/200393820,kept
437,Sankt Pölten,Austria,Europe,NV-Center,48.204971,15.625135,278.0,305.0,,,48.2035,15.6256,NV-Center (public),167,1863,yes,way/156380946,snapped
438,Eisenstadt,Austria,Europe,Kultur Kongress Zentrum,47.847096,16.527670,175.0,202.0,,,47.8457,16.5233,Kultur Kongress Zentrum (civic),362,3548,yes,way/30344166,snapped
439,Bern,Switzerland,Europe,Bundeshaus – Parlamentsgebäude,46.946504,7.444240,553.0,580.0,,,46.948,7.4474,Bundeshaus – Parlamentsgebäude (government),292,3816,yes,way/254958900,snapped
440,Lausanne,Switzerland,Europe,Haute école de musique de Lausanne et Conservatoire de Lausanne,46.518713,6.633148,496.0,523.0,,,46.5197,6.6323,Haute école de musique de Lausanne et Conservatoire de Lausanne (college),128,2309,yes,way/44505081,snapped
441,Lucerne,Switzerland,Europe,KKL (Kultur- und Kongresszentrum Luzern),47.050340,8.312115,444.0,471.0,,,47.0502,8.3093,KKL (Kultur- und Kongresszentrum Luzern) (arts centre),214,8070,yes,way/388651008,snapped
442,Lugano,Switzerland,Europe,Cattedrale di San Lorenzo,46.004595,8.948579,311.0,338.0,,,46.0037,8.9511,Cattedrale di San Lorenzo (church),219,1086,yes,way/156471728,snapped
443,Winterthur,Switzerland,Europe,Zentrum Neuwiesen,47.499230,8.720852,448.0,475.0,,,47.4988,8.7241,Zentrum Neuwiesen (apartments),249,9168,,way/22529562,snapped
444,St. Gallen,Switzerland,Europe,Stiftskirche,47.423144,9.376721,686.0,713.0,,,47.4245,9.3767,Stiftskirche (cathedral),151,3754,yes,way/131605938,snapped
445,Fribourg,Switzerland,Europe,Cathédrale Saint-Nicolas / Kathedrale Sankt Niklaus,46.806158,7.163176,600.0,627.0,,,46.8065,7.1619,Cathédrale Saint-Nicolas / Kathedrale Sankt Niklaus (cathedral),104,2131,yes,way/44369978,snapped
446,Neuchâtel,Switzerland,Europe,Château de Neuchâtel,46.992226,6.926923,463.0,490.0,,,46.9896,6.9293,Château de Neuchâtel (public),344,3001,yes,way/31565585,snapped
447,Gdańsk,Poland,Europe,Teatr Wybrzeże,54.351275,18.648662,9.0,36.0,,,54.352,18.6466,Teatr Wybrzeże (theatre),156,2193,yes,way/60064088,snapped
448,Gdynia,Poland,Europe,Dworzec PKP Gdynia Główna,54.521321,18.529901,14.0,41.0,,,54.5189,18.5305,Dworzec PKP Gdynia Główna (train station),272,3507,yes,way/97222145,snapped
449,Sopot,Poland,Europe,Sopot Centrum,54.441549,18.562184,16.0,43.0,,,54.4416,18.5601,Sopot Centrum (public),135,2635,yes,way/1061195905,snapped
450,Poznań,Poland,Europe,Muzeum Narodowe,52.408526,16.929945,73.0,100.0,,,52.4064,16.9252,Muzeum Narodowe (civic),400,6833,yes,way/35276947,snapped
451,Łódź,Poland,Europe,Sąd Rejonowy dla Łodzi-Śródmieścia w Łodzi,51.757040,19.455850,208.0,235.0,,,51.7592,19.456,Sąd Rejonowy dla Łodzi-Śródmieścia w Łodzi (public),241,1439,yes,way/104511738,snapped
452,Szczecin,Poland,Europe,Kaskada,53.428254,14.550364,26.0,53.0,,,53.4285,14.5528,Kaskada (retail),164,20902,,way/35319011,snapped
453,Bydgoszcz,Poland,Europe,Pałac Młodzieży,53.123620,18.011430,36.0,63.0,,,53.1235,18.0084,Pałac Młodzieży (community centre),203,2602,yes,way/46236346,snapped
454,Toruń,Poland,Europe,Stare Miasto (moved 250 m N: Earth Studio freezes at the PDF point and at Cinema City 150 m SE),53.016,18.5984,50.0,77.0,,,53.016,18.5984,(hand-kept: snapped point freezes in Earth Studio),0,5095,yes,way/49906179,kept
455,Lublin,Poland,Europe,Archikatedra Świętego Jana Chrzciciela i Świętego Jana Ewangelisty,51.246728,22.568723,199.0,226.0,562.5,281,51.2465,22.5684,Archikatedra Świętego Jana Chrzciciela i Świętego Jana Ewangelisty (church),34,1972,yes,way/66286341,snapped
456,Katowice,Poland,Europe,Międzynarodowe Centrum Kongresowe,50.266137,19.027573,276.0,303.0,,,50.2649,19.0238,Międzynarodowe Centrum Kongresowe (conference centre),302,21207,yes,way/332311304,snapped
457,Rzeszów,Poland,Europe,Galeria Rzeszów,50.042454,21.997810,203.0,230.0,,,50.0412,21.9991,Galeria Rzeszów (retail),167,20900,,way/214233129,snapped
458,Białystok,Poland,Europe,Pałac Branickich,53.130685,23.165235,139.0,166.0,,,53.1325,23.1688,Pałac Branickich (attraction),312,3963,yes,way/242871669,snapped
459,Kielce,Poland,Europe,Wojewódzki Dom Kultury,50.863249,20.626956,274.0,301.0,,,50.8661,20.6286,Wojewódzki Dom Kultury (civic),338,2504,yes,way/134572547,snapped
460,Opole,Poland,Europe,Kaufland,50.676579,17.918768,163.0,190.0,,,50.6751,17.9213,Kaufland (retail),243,6024,,way/207030953,snapped
461,Olsztyn,Poland,Europe,Aura Centrum Olsztyna,53.777101,20.482934,118.0,145.0,,,53.7784,20.4801,Aura Centrum Olsztyna (retail),236,15744,,way/104358824,snapped
462,Brno,Czechia,Europe,Stará radnice,49.193043,16.608259,231.0,258.0,,,49.1951,16.6068,Stará radnice (civic),252,2024,yes,way/50002035,snapped
463,Ostrava,Czechia,Europe,Moravská Ostrava,49.819512,18.267466,231.0,258.0,,,49.8209,18.2625,"unnamed industrial, 30,913 m²",389,30913,,way/77402744,snapped
464,Plzeň,Czechia,Europe,LOGSPEED CZ Aréna,49.736763,13.377522,324.0,351.0,,,49.7384,13.3736,LOGSPEED CZ Aréna (civic),336,6162,yes,way/385215687,snapped
465,Liberec,Czechia,Europe,OD Forum Liberec,50.765788,15.055381,354.0,381.0,,,50.7663,15.0543,OD Forum Liberec (retail),95,21305,,way/197991615,snapped
466,Pardubice,Czechia,Europe,Centrum,50.033767,15.782453,221.0,248.0,,,50.0343,15.7812,"unnamed civic, 4,192 m²",107,4192,yes,way/37014900,snapped
467,Zlín,Czechia,Europe,Dům kultury - Areál Svit budova 2,49.224335,17.660675,227.0,254.0,,,49.2244,17.6628,Dům kultury - Areál Svit budova 2 (community centre),155,3029,yes,way/71289004,snapped
468,Jihlava,Czechia,Europe,Centrum,49.3961,15.5912,525.0,552.0,,,49.3961,15.5912,"unnamed civic, 1,078 m²",0,1078,yes,way/40692336,kept
469,Karlovy Vary,Czechia,Europe,Městská Tržnice (Karlovy Vary),50.231570,12.870041,379.0,406.0,,,50.2319,12.8719,Městská Tržnice (Karlovy Vary) (civic),137,2558,yes,way/62149720,snapped
470,Braga,Portugal,Europe,São Marcos - Unidade Clínica de Ambulatório,41.547610,-8.423072,176.0,203.0,,,41.5454,-8.4265,São Marcos - Unidade Clínica de Ambulatório (hospital),377,3501,yes,way/146343017,snapped
471,Coimbra,Portugal,Europe,Igreja de São José,40.202729,-8.409753,43.0,70.0,,,40.2033,-8.4103,Igreja de São José (church),79,2315,yes,way/174739237,snapped
472,Aveiro,Portugal,Europe,Teatro Aveirense,40.640128,-8.654099,15.0,42.0,,,40.6405,-8.6538,Teatro Aveirense (civic),49,1161,yes,way/243899308,snapped
473,Faro,Portugal,Europe,Mercado Municipal de Faro,37.020208,-7.928564,20.0,47.0,,,37.0194,-7.9304,Mercado Municipal de Faro (retail),186,5979,,way/103085517,snapped
474,Setúbal,Portugal,Europe,Centro Setúbal,38.5244,-8.8882,16.0,43.0,,,38.5244,-8.8882,Igreja de Santa Maria da Graça (church),0,1455,yes,way/553359798,kept
475,Évora,Portugal,Europe,Teatro Garcia de Resende,38.572759,-7.913299,299.0,326.0,,,38.5714,-7.9135,Teatro Garcia de Resende (theatre),152,1618,yes,way/154409866,snapped
476,Viseu,Portugal,Europe,Seminário Maior,40.655816,-7.908807,474.0,501.0,,,40.6566,-7.9125,Seminário Maior (no),324,23454,,way/635802891,snapped
477,Leiria,Portugal,Europe,Hospital Dom Manuel de Aguiar,39.743932,-8.804918,40.0,67.0,,,39.7436,-8.8071,Hospital Dom Manuel de Aguiar (hospital),190,1885,yes,way/256378031,snapped
478,Guimarães,Portugal,Europe,Museu de Alberto Sampaio,41.442810,-8.292201,194.0,221.0,,,41.4425,-8.2918,Museu de Alberto Sampaio (museum),48,1361,yes,way/255483376,snapped
479,Funchal,Portugal,Europe,Igreja de São Roque,32.668886,-16.922996,351.0,378.0,,,32.6669,-16.9241,Igreja de São Roque (church),244,782,yes,way/164965396,snapped
480,Aarhus,Denmark,Europe,Tandlægeskolen,56.164679,10.205816,30.0,57.0,,,56.1629,10.2039,Tandlægeskolen (university),231,3655,yes,way/468773793,snapped
481,Aalborg,Denmark,Europe,Salling,57.047848,9.922473,11.0,38.0,,,57.0488,9.9217,Salling (building),116,6391,,way/88970664,snapped
482,Odense,Denmark,Europe,Bykirken,55.401466,10.399093,12.0,39.0,,,55.4038,10.4024,Bykirken (church),333,1033,yes,way/535366096,snapped
483,Malmö,Sweden,Europe,Malmö Centrum,55.605,13.0038,15.0,42.0,,,55.605,13.0038,"unnamed building, 3,128 m²",0,3128,,way/51790946,kept
484,Gothenburg,Sweden,Europe,Centralhuset,57.709253,11.972867,4.0,31.0,,,57.7089,11.9746,Centralhuset (train station),110,8101,yes,way/13704178,snapped
485,Uppsala,Sweden,Europe,Uppsala stadsbibliotek,59.860776,17.636173,22.0,49.0,,,59.8586,17.6389,Uppsala stadsbibliotek (library),286,4778,yes,way/98942846,snapped
486,Västerås,Sweden,Europe,Punkt,59.609777,16.548119,22.0,49.0,,,59.6099,16.5448,Punkt (building),187,10961,,way/94574732,snapped
487,Örebro,Sweden,Europe,Rättscentrum,59.278530,15.214006,31.0,58.0,,,59.2753,15.2134,Rättscentrum (public),361,2822,yes,way/257685168,snapped
488,Bergen,Norway,Europe,Bergen Sentrum,60.3913,5.3221,12.0,39.0,,,60.3913,5.3221,"unnamed apartments, 371 m²",0,371,,way/472357478,kept
489,Trondheim,Norway,Europe,Statens Hus,63.428166,10.393519,10.0,37.0,,,63.4305,10.3951,Statens Hus (public),271,3661,yes,way/89511597,snapped
490,Stavanger,Norway,Europe,Sølvberget (Bibliotek og Kulturhus),58.971447,5.733415,16.0,43.0,,,58.97,5.7331,Sølvberget (Bibliotek og Kulturhus) (civic),162,3221,yes,way/31764610,snapped
491,Turku,Finland,Europe,Kauppahalli,60.449734,22.266079,19.0,46.0,,,60.4518,22.2666,Kauppahalli (retail),232,2050,yes,way/9166246,snapped
492,Kaunas,Lithuania,Europe,Kauno Tado Ivanausko zoologijos muziejus,54.898231,23.903971,34.0,61.0,,,54.8985,23.9036,Kauno Tado Ivanausko zoologijos muziejus (museum),38,1898,yes,way/92332244,snapped
493,Klaipėda,Lithuania,Europe,Klaipėda Centre,55.7033,21.1443,6.0,33.0,,,55.7033,21.1443,Elesen (building),0,1232,,way/88868672,kept
494,Šiauliai,Lithuania,Europe,City Centre,55.9349,23.3137,131.0,158.0,,,55.9349,23.3137,"unnamed public, 1,044 m²",0,1044,yes,way/115865433,kept
495,Daugavpils,Latvia,Europe,Daugavpils Vecticībnieku Pomoras Baznīca,55.872991,26.539753,112.0,139.0,,,55.8747,26.5362,Daugavpils Vecticībnieku Pomoras Baznīca (place of worship),292,660,yes,way/129571412,snapped
496,Liepāja,Latvia,Europe,Svētās Annas baznīca,56.504454,21.011836,10.0,37.0,,,56.5047,21.0108,Svētās Annas baznīca (church),69,1115,yes,way/89683307,snapped
497,Pärnu,Estonia,Europe,Endla Teater,58.385292,24.496660,8.0,35.0,,,58.3859,24.4971,Endla Teater (theatre),72,3336,yes,way/65397375,snapped
498,Ljubljana,Slovenia,Europe,Knjižnica Otona Župančiča,46.055310,14.504160,301.0,328.0,,,46.0569,14.5058,Knjižnica Otona Župančiča (library),218,1603,yes,way/140118468,snapped
499,Bratislava,Slovakia,Europe,Grasalkovičov palác,48.149207,17.107758,159.0,186.0,,,48.1486,17.1077,Grasalkovičov palác (office),68,1778,yes,way/78068599,snapped
500,Split,Croatia,Europe,katedrala svetog Duje,43.508034,16.440454,11.0,38.0,,,43.5081,16.4402,katedrala svetog Duje (place of worship),22,719,yes,way/272588434,snapped
501,Sakai,Japan,Asia,Central Sakai,34.5733,135.483,17.0,44.0,,,34.5733,135.483,"unnamed building, 3,306 m²",0,3306,,way/196992607,kept
502,Saitama,Japan,Asia,Omiya / Central Saitama,35.8617,139.6455,24.0,51.0,,,35.8617,139.6455,さいたま市役所 本館 (townhall),0,4844,yes,way/1472938473,kept
503,Hachioji,Japan,Asia,Central Hachioji,35.6664,139.316,136.0,163.0,,,35.6664,139.316,"unnamed building, 7,683 m²",0,7683,,way/199784721,kept
504,Funabashi,Japan,Asia,Funabashi Station Area,35.697741,139.984918,17.0,44.0,,,35.6947,139.9826,"unnamed public, 2,433 m²",398,2433,yes,way/182661147,snapped
505,Ichikawa,Japan,Asia,Central Ichikawa,35.7219,139.931,7.0,34.0,,,35.7219,139.931,市川市役所 第1庁舎 (public),0,5533,yes,way/191552692,kept
506,Matsudo,Japan,Asia,Central Matsudo,35.7877,139.9032,19.0,46.0,,,35.7877,139.9032,新館 (government),0,1135,yes,way/41964238,kept
507,Kashiwa,Japan,Asia,Central Kashiwa,35.8676,139.9758,22.0,49.0,,,35.8676,139.9758,柏市役所 (townhall),0,2139,yes,way/1017832173,kept
508,Machida,Japan,Asia,あけぼの病院,35.549688,139.445456,100.0,127.0,,,35.5486,139.4468,あけぼの病院 (hospital),172,3141,yes,way/464011368,snapped
509,Fujisawa,Japan,Asia,藤沢市役所,35.338849,139.491157,32.0,59.0,,,35.3392,139.4911,藤沢市役所 (townhall),39,4119,yes,way/996534478,snapped
510,Yokosuka,Japan,Asia,Central Yokosuka,35.2813,139.6722,13.0,40.0,,,35.2813,139.6722,"unnamed building, 1,980 m²",0,1980,,way/440889912,kept
511,Hiratsuka,Japan,Asia,平塚市役所,35.335200,139.349523,10.0,37.0,,,35.3355,139.3497,平塚市役所 (townhall),37,6260,yes,way/500455935,snapped
512,Odawara,Japan,Asia,Central Odawara,35.2646,139.1521,23.0,50.0,,,35.2646,139.1521,小田原市役所 (building),0,4825,,way/301442519,kept
513,Atsugi,Japan,Asia,Central Atsugi,35.4431,139.3625,27.0,54.0,,,35.4431,139.3625,厚木市役所 (government),0,1583,yes,way/1389464184,kept
514,Sagamihara,Japan,Asia,Central Sagamihara,35.5714,139.3732,137.0,164.0,,,35.5714,139.3732,本館 (building),0,4160,,way/155743780,kept
515,Kofu,Japan,Asia,甲府市役所,35.662092,138.568310,273.0,300.0,,,35.6639,138.5683,甲府市役所 (townhall),201,4497,yes,way/226738901,snapped
516,Nagano,Japan,Asia,長野市役所第一庁舎,36.648539,138.194811,364.0,391.0,,,36.6485,138.195,長野市役所第一庁舎 (public),17,2889,yes,way/618237242,snapped
517,Matsumoto,Japan,Asia,Central Matsumoto,36.238,137.972,593.0,620.0,,,36.238,137.972,松本市役所 (townhall),0,841,yes,way/374959884,kept
518,Toyama,Japan,Asia,Central Toyama,36.6953,137.2113,19.0,46.0,,,36.6953,137.2113,富山県庁 (building),0,4793,,way/198148138,kept
519,Fukui,Japan,Asia,Central Fukui,36.0641,136.2196,20.0,47.0,,,36.0641,136.2196,福井市役所 (Fukui City Hall) (commercial),0,2367,yes,way/196810672,kept
520,Gifu,Japan,Asia,岐阜市役所,35.426226,136.759814,21.0,48.0,,,35.4233,136.7607,岐阜市役所 (government),335,5559,yes,way/727018817,snapped
521,Toyota,Japan,Asia,Central Toyota,35.0833,137.1562,48.0,75.0,,,35.0833,137.1562,豊田市役所 (Toyota City Hall)東庁舎 (public),0,944,yes,way/227935892,kept
522,Okazaki,Japan,Asia,Central Okazaki,34.9543,137.1744,27.0,54.0,,,34.9543,137.1744,岡崎市役所東庁舎 (townhall),0,4515,yes,way/464677219,kept
523,Ichinomiya,Japan,Asia,Central Ichinomiya,35.3039,136.8028,10.0,37.0,,,35.3039,136.8028,一宮市役所 (townhall),0,2653,yes,way/254809372,kept
524,Yokkaichi,Japan,Asia,Central Yokkaichi,34.965,136.6244,4.0,31.0,,,34.965,136.6244,四日市市役所 (government),0,2174,yes,way/428913387,kept
525,Otsu,Japan,Asia,Central Otsu,35.0179,135.8546,95.0,122.0,,,35.0179,135.8546,"unnamed building, 3,255 m²",0,3255,,way/468934471,kept
526,Nara,Japan,Asia,Central Nara,34.6851,135.8048,70.0,97.0,,,34.6851,135.8048,"unnamed public, 3,297 m²",0,3297,yes,way/197515716,kept
527,Wakayama,Japan,Asia,Central Wakayama,34.2305,135.1708,12.0,39.0,,,34.2305,135.1708,和歌山市役所 (building),0,3202,,way/395032405,kept
528,Himeji,Japan,Asia,Central Himeji,34.8151,134.6853,16.0,43.0,,,34.8151,134.6853,姫路市役所 (townhall),0,1872,yes,way/680060486,kept
529,Kurashiki,Japan,Asia,Central Kurashiki,34.586018,133.771751,2.0,29.0,,,34.585,133.7721,"unnamed building, 5,594 m²",118,5594,,way/276258929,snapped
530,Fukuyama,Japan,Asia,Central Fukuyama,34.4859,133.3623,19.0,46.0,,,34.4859,133.3623,福山市役所 (government),0,2104,yes,way/725394115,kept
531,Kure,Japan,Asia,呉市役所,34.248798,132.565251,10.0,37.0,,,34.2493,132.5657,呉市役所 (townhall),69,8754,yes,way/692715368,snapped
532,Shimonoseki,Japan,Asia,下関市役所,33.957367,130.941010,14.0,41.0,,,33.9578,130.9415,下関市役所 (townhall),66,5100,yes,way/601516431,snapped
533,Takamatsu,Japan,Asia,Central Takamatsu,34.3428,134.0466,24.0,51.0,,,34.3428,134.0466,高松市役所 (townhall),0,1589,yes,way/909690256,kept
534,Tokushima,Japan,Asia,Central Tokushima,34.0703,134.5548,9.0,36.0,,,34.0703,134.5548,徳島市役所 (public building),0,1416,,way/203686627,kept
535,Kochi,Japan,Asia,Central Kochi,33.5597,133.5311,10.0,37.0,,,33.5597,133.5311,高知県庁 本庁舎 (townhall),0,3054,yes,way/120061861,kept
536,Saga,Japan,Asia,Central Saga,33.2635,130.3009,7.0,34.0,,,33.2635,130.3009,本庁舎 中棟 (public),0,2831,yes,way/176574315,kept
537,Nagasaki,Japan,Asia,Central Nagasaki,32.7503,129.8779,19.0,46.0,,,32.7503,129.8779,"unnamed building, 1,795 m²",0,1795,,way/1309398475,kept
538,Oita,Japan,Asia,大分地方裁判所,33.241786,131.608467,4.0,31.0,,,33.2396,131.6093,大分地方裁判所 (courthouse),255,2405,yes,way/954523918,snapped
539,Miyazaki,Japan,Asia,Central Miyazaki,31.9077,131.4202,13.0,40.0,,,31.9077,131.4202,宮崎市役所 (townhall),0,2667,yes,way/505952890,kept
540,Kurume,Japan,Asia,Central Kurume,33.3193,130.5084,17.0,44.0,,,33.3193,130.5084,"unnamed building, 1,320 m²",0,1320,,way/365806242,kept
541,Changhua,Taiwan,Asia,彰化縣政府,24.075528,120.544802,26.0,53.0,,,24.0756,120.544,彰化縣政府 (office),82,4986,yes,way/279546748,snapped
542,Pingtung,Taiwan,Asia,屏東醫院,22.673989,120.495771,35.0,62.0,,,22.6761,120.4942,屏東醫院 (hospital),285,12211,yes,way/782600345,snapped
543,Yilan,Taiwan,Asia,宜蘭演藝廳,24.753520,121.752952,11.0,38.0,,,24.757,121.753,宜蘭演藝廳 (theatre),387,3350,yes,way/245319123,snapped
544,Miaoli,Taiwan,Asia,苗栗市黃昏市場,24.561875,120.822717,52.0,79.0,,,24.5602,120.8214,苗栗市黃昏市場 (marketplace),229,1883,yes,way/544758640,snapped
545,Douliu,Taiwan,Asia,雲林布袋戲館,23.709532,120.433444,31.0,58.0,,,23.7092,120.4313,雲林布袋戲館 (historic),222,1155,yes,way/546765447,snapped
546,Chiayi,Taiwan,Asia,Chiayi City Centr,23.4801,120.4491,39.0,66.0,,,23.4801,120.4491,"unnamed building, 435 m²",0,435,,way/522925819,kept
547,Nantou,Taiwan,Asia,Nantou City Centre,23.914037,120.684937,97.0,124.0,,,23.9157,120.6849,"unnamed hospital, 4,818 m²",185,4818,yes,way/462793954,snapped
548,Zhubei,Taiwan,Asia,Zhubei City Centre,24.839393,121.015248,28.0,55.0,,,24.8387,121.0177,"unnamed industrial, 21,109 m²",259,21109,,way/439118291,snapped
549,Yuanlin,Taiwan,Asia,Yuanlin City Centre,23.957949,120.573686,32.0,59.0,,,23.9565,120.576,"unnamed temple, 795 m²",285,795,yes,way/1534008144,snapped
550,Taitung,Taiwan,Asia,台東縣政府,22.755691,121.150095,20.0,47.0,,,22.7554,121.15,台東縣政府 (office),34,3749,,way/255749075,snapped
551,Shah Alam,Malaysia,Asia,Plaza Alam Sentral,3.074109,101.517165,30.0,57.0,,,3.0738,101.5183,Plaza Alam Sentral (building),131,9824,,way/26818376,snapped
552,Petaling Jaya,Malaysia,Asia,Petaling Jaya Centre,3.106704,101.606783,42.0,69.0,,,3.1073,101.6067,"unnamed house, 2,836 m²",67,2836,,way/913131317,snapped
553,Subang Jaya,Malaysia,Asia,Masjid Al-Mukminun,3.060042,101.585515,27.0,54.0,,,3.0567,101.5851,Masjid Al-Mukminun (place of worship),375,2223,yes,way/403006096,snapped
554,Klang,Malaysia,Asia,Klang Chinese Methodist Church,3.040797,101.445200,25.0,52.0,,,3.0438,101.4456,Klang Chinese Methodist Church (place of worship),337,3635,yes,way/960934333,snapped
555,Malacca City,Malaysia,Asia,Mahkota Parade,2.188664,102.249848,19.0,46.0,,,2.1896,102.2501,Mahkota Parade (building),108,28552,,way/104954184,snapped
556,Seremban,Malaysia,Asia,Pasar Besar Seremban,2.730712,101.936622,66.0,93.0,,,2.7297,101.9381,Pasar Besar Seremban (marketplace),199,6894,yes,way/496754268,snapped
557,Kota Kinabalu,Malaysia,Asia,Pasar Awam,5.983172,116.072863,14.0,41.0,,,5.9804,116.0735,Pasar Awam (marketplace),317,9117,yes,way/117168833,snapped
558,Miri,Malaysia,Asia,Bintang Megamall Shopping Complex,4.397292,113.993225,12.0,39.0,,,4.3995,113.9914,Bintang Megamall Shopping Complex (building),319,14942,,way/262335981,snapped
559,Sibu,Malaysia,Asia,Pasar Sentral Sibu,2.287119,111.828836,8.0,35.0,,,2.2873,111.8305,Pasar Sentral Sibu (marketplace),186,18021,yes,way/402320205,snapped
560,Alor Setar,Malaysia,Asia,Pusat Transformasi Bandar Kedah,6.118498,100.370044,18.0,45.0,,,6.1184,100.3685,Pusat Transformasi Bandar Kedah (public),171,4581,yes,way/280218462,snapped
561,Pasig,Philippines,Asia,TriCity Medical Center,14.575813,121.085324,9.0,36.0,,,14.5764,121.0851,TriCity Medical Center (hospital),70,1675,yes,way/353969645,snapped
562,Taguig,Philippines,Asia,Central Taguig,14.515550,121.050765,31.0,58.0,,,14.5176,121.0509,"unnamed building, 3,265 m²",229,3265,,way/276687468,snapped
563,Pasay,Philippines,Asia,Pasay City Centre,14.5378,121.0014,9.0,36.0,,,14.5378,121.0014,Taft Avenue (train station),0,4294,yes,way/222628889,kept
564,Mandaluyong,Philippines,Asia,Mandaluyong City Hall,14.577701,121.033656,12.0,39.0,,,14.5794,121.0359,Mandaluyong City Hall (commercial),307,1647,yes,way/112549085,snapped
565,Parañaque,Philippines,Asia,Parañaque Centre,14.476506,121.018840,22.0,49.0,,,14.4793,121.0198,"unnamed community centre, 524 m²",328,524,yes,way/579518601,snapped
566,Muntinlupa,Philippines,Asia,Muntinlupa Centre,14.409986,121.038625,29.0,56.0,,,14.4081,121.0415,"unnamed building, 1,294 m²",374,1294,,way/935619097,snapped
567,Caloocan,Philippines,Asia,New Langaray Wet Market,14.650767,120.964342,7.0,34.0,,,14.6507,120.9676,New Langaray Wet Market (retail),351,3336,yes,way/269464599,snapped
568,Baguio,Philippines,Asia,Main Building,16.400957,120.595670,1471.0,1498.0,,,16.4023,120.596,Main Building (hospital),154,4875,yes,way/478619258,snapped
569,Bacolod,Philippines,Asia,Downtown Bacolod,10.6765,122.9509,10.0,37.0,,,10.6765,122.9509,Negros Occidental Provincial Capitol (building),0,607,,way/317092375,kept
570,Cagayan de Oro P,Philippines,Asia,Downtown Cagayan de Oro,8.453765,124.632191,22.0,49.0,,,8.4542,124.6319,"unnamed building, 1,116 m²",58,1116,,way/1161666088,snapped
571,Soweto,South Africa,Africa,Main Hospital Building,-26.247550,27.856726,1661.0,1688.0,,,-26.2485,27.854,Main Hospital Building (hospital),292,7987,yes,way/997872041,snapped
572,Sandton,South Africa,Africa,Sandton CBD,-26.1076,28.0567,1621.0,1648.0,,,-26.1076,28.0567,Gautrain (train station),0,17233,yes,way/236241305,kept
573,Midrand,South Africa,Africa,Hope of Glory,-26.000658,28.128316,1583.0,1610.0,,,-25.9992,28.1263,Hope of Glory (place of worship),259,9752,yes,way/301846254,snapped
574,Centurion,South Africa,Africa,Electoral Commission of South Africa,-25.859920,28.190462,1424.0,1451.0,,,-25.8603,28.1894,Electoral Commission of South Africa (office),114,3955,,way/952973712,snapped
575,Germiston,South Africa,Africa,Germiston CBD,-26.227379,28.168213,1648.0,1675.0,,,-26.2259,28.1708,"unnamed house, 447 m²",306,447,,way/634401606,snapped
576,Boksburg,South Africa,Africa,Boksburg CBD,-26.212,28.2596,1619.0,1646.0,,,-26.212,28.2596,,,,,,no_building
577,Alberton,South Africa,Africa,Alberton City,-26.265316,28.122620,1580.0,1607.0,,,-26.2679,28.1223,Alberton City (commercial),289,35356,,way/519729727,snapped
578,Kempton Park,South Africa,Africa,Surgikiln Day Hospital,-26.101717,28.233335,1666.0,1693.0,,,-26.1009,28.2336,Surgikiln Day Hospital (hospital),95,1162,yes,way/621511573,snapped
579,Roodepoort,South Africa,Africa,Roodepoort CBD,-26.162082,27.869359,1744.0,1771.0,,,-26.1625,27.8725,"unnamed building, 5,314 m²",317,5314,,way/151496276,snapped
580,Randburg,South Africa,Africa,Sanlam Centre,-26.092139,28.003429,1596.0,1623.0,,,-26.0941,28.0012,Sanlam Centre (building),312,31986,,way/619392659,snapped
581,Springs,South Africa,Africa,Palm Springs,-26.253456,28.441494,1614.0,1641.0,,,-26.2547,28.4428,Palm Springs (mall),190,13044,,way/149620021,snapped
582,Brakpan,South Africa,Africa,Brakpan CBD,-26.2366,28.3694,1632.0,1659.0,,,-26.2366,28.3694,"unnamed building, 2,874 m²",0,2874,,way/1507103862,kept
583,Vereeniging,South Africa,Africa,Vereeniging CBD,-26.673561,27.929881,1445.0,1472.0,,,-26.6731,27.9261,"unnamed apartments, 611 m²",380,611,,way/629954084,snapped
584,Vanderbijlpark,South Africa,Africa,Vaal butchery,-26.712374,27.841592,1483.0,1510.0,,,-26.7117,27.8379,Vaal butchery (building),375,773,,way/616808825,snapped
585,Krugersdorp,South Africa,Africa,Krugersdorp CBD,-26.0858,27.7752,1724.0,1751.0,,,-26.0858,27.7752,,,,,,no_building
586,Klerksdorp,South Africa,Africa,Klerksdorp CBD,-26.8521,26.6667,1319.0,1346.0,,,-26.8521,26.6667,,,,,,no_building
587,Welkom,South Africa,Africa,Welkom CBD,-27.9774,26.7351,1376.0,1403.0,,,-27.9774,26.7351,"unnamed building, 50,523 m²",0,50523,,way/169874293,kept
588,Bethlehem,South Africa,Africa,Bethlehem CBD,-28.2308,28.3071,1629.0,1656.0,,,-28.2308,28.3071,"unnamed building, 746 m²",0,746,,way/330384426,kept
589,Sasolburg,South Africa,Africa,Sasolburg CBD,-26.8136,27.816,1472.0,1499.0,,,-26.8136,27.816,,,,,,no_building
590,Richards Bay,South Africa,Africa,Richards Bay CBD,-28.782389,32.038152,9.0,36.0,,,-28.7807,32.0383,"unnamed building, 10,248 m²",189,10248,,way/124712374,snapped
591,Empangeni,South Africa,Africa,Empangeni CBD,-28.7616,31.8933,103.0,130.0,,,-28.7616,31.8933,,,,,,no_building
592,Newcastle,South Africa,Africa,Newcastle CBD,-27.7579,29.9318,1194.0,1221.0,,,-27.7579,29.9318,"unnamed building, 3,057 m²",0,3057,,way/329071839,kept
593,Ladysmith,South Africa,Africa,Ladysmith CBD,-28.554586,29.783959,1014.0,1041.0,,,-28.5539,29.7827,"unnamed building, 3,029 m²",145,3029,,way/328901911,snapped
594,Paarl,South Africa,Africa,Paarl Centre,-33.731768,18.963083,121.0,148.0,,,-33.7342,18.9621,"unnamed commercial, 3,879 m²",286,3879,,way/228416342,snapped
595,Worcester,South Africa,Africa,Worcester CBD,-33.645405,19.445191,238.0,265.0,,,-33.6465,19.4485,"unnamed building, 1,334 m²",330,1334,,way/486547361,snapped
596,Mossel Bay,South Africa,Africa,Bay Side Shopping Mall,-34.180776,22.143599,28.0,55.0,,,-34.1831,22.146,Bay Side Shopping Mall (retail),340,8469,,way/171896673,snapped
597,Knysna,South Africa,Africa,Knysna Central,-34.035505,23.045528,16.0,43.0,,,-34.0351,23.0465,"unnamed building, 11,311 m²",100,11311,,way/171106464,snapped
598,Oudtshoorn,South Africa,Africa,Oudtshoorn CBD,-33.591261,22.200113,313.0,340.0,,,-33.5907,22.2014,"unnamed building, 6,587 m²",135,6587,,way/979999264,snapped
599,Upington,South Africa,Africa,N.G. Kerk Upington Noord,-28.447944,21.252590,810.0,837.0,,,-28.4478,21.2561,N.G. Kerk Upington Noord (church),344,734,yes,way/98647967,snapped
600,Mahikeng,South Africa,Africa,The Northwest Mall,-25.865164,25.641600,1283.0,1310.0,,,-25.8652,25.6442,The Northwest Mall (building),260,14624,,way/185287739,snapped
601,Ariana,Tunisia,Africa,Ariana Centre,36.8665,10.1647,78.0,105.0,,,36.8665,10.1647,,,,,,no_building
602,Ben Arous,Tunisia,Africa,Centre Culturel de Ben Arous,36.753737,10.219345,10.0,37.0,,,36.7531,10.2189,Centre Culturel de Ben Arous (arts centre),81,890,yes,way/328962878,snapped
603,Nabeul,Tunisia,Africa,Grande Mosquée de Nabeul,36.456785,10.736414,13.0,40.0,,,36.4561,10.7376,Grande Mosquée de Nabeul (place of worship),131,1715,yes,way/662750805,snapped
604,Kairouan,Tunisia,Africa,جامع الزيتونة,35.676082,10.096831,68.0,95.0,,,35.6781,10.0963,جامع الزيتونة (place of worship),230,1141,yes,way/594778091,snapped
605,Gabès,Tunisia,Africa,Théatre de Gabès,33.880622,10.099877,9.0,36.0,,,33.8815,10.0982,Théatre de Gabès (theatre),183,1974,yes,way/364483650,snapped
606,Gafsa,Tunisia,Africa,Gafsa Centre,34.425,8.7842,295.0,322.0,,,34.425,8.7842,"unnamed building, 839 m²",0,839,,way/751938695,kept
607,Mahdia,Tunisia,Africa,Mahdia Centre,35.506104,11.061707,4.0,31.0,,,35.5047,11.0622,"unnamed building, 1,358 m²",163,1358,,way/1313110338,snapped
608,Zarzis,Tunisia,Africa,Bibliothèque Publique de Zarzis,33.503546,11.112437,10.0,37.0,,,33.5039,11.1122,Bibliothèque Publique de Zarzis (library),45,715,yes,way/1178218087,snapped
609,Houmt Souk,Tunisia,Africa,مسجد الغربة,33.876600,10.860865,7.0,34.0,,,33.8758,10.8575,مسجد الغربة (place of worship),323,2066,yes,way/238861712,snapped
610,Béja,Tunisia,Africa,Béja Centre,36.725144,9.182777,244.0,271.0,,,36.7256,9.1817,"unnamed place of worship, 2,351 m²",109,2351,yes,way/130503070,snapped
611,Maroochydore,Australia,Oceania,Big Top Shopping Centre,-26.652581,153.091579,7.0,34.0,,,-26.6527,153.0903,Big Top Shopping Centre (retail),128,20438,,way/387515092,snapped
612,Caloundra,Australia,Oceania,Caloundra Marketplace,-26.804752,153.122555,2.0,29.0,,,-26.804,153.121,Caloundra Marketplace (retail),176,5947,,way/753764895,snapped
613,Noosa Heads,Australia,Oceania,The J,-26.396128,153.088365,20.0,47.0,,,-26.396,153.089,The J (community centre),65,1747,yes,way/565362665,snapped
614,Hervey Bay,Australia,Oceania,SPG Hervey Bay,-25.287693,152.841369,13.0,40.0,,,-25.288,152.84,SPG Hervey Bay (retail),142,13029,,way/1354603157,snapped
615,Bundaberg,Australia,Oceania,Bundaberg Library,-24.868459,152.348221,18.0,45.0,,,-24.8661,152.3489,Bundaberg Library (library),271,2438,yes,way/343477617,snapped
616,Gladstone,Australia,Oceania,Gladstone Valley Shopping Centre,-23.847081,151.259523,12.0,39.0,,,-23.8487,151.262,Gladstone Valley Shopping Centre (retail),310,5660,,way/216658734,snapped
617,Maryborough,Australia,Oceania,Saint Mary's Catholic Church,-25.537392,152.703824,15.0,42.0,,,-25.5377,152.7041,Saint Mary's Catholic Church (place of worship),44,1246,yes,way/411078415,snapped
618,Gympie,Australia,Oceania,Gympie Regional Council Library,-26.189623,152.665474,70.0,97.0,,,-26.1903,152.6656,Gympie Regional Council Library (library),76,1210,yes,way/652130059,snapped
619,Ipswich,Australia,Oceania,Tower Block,-27.619395,152.759178,55.0,82.0,,,-27.6167,152.7608,Tower Block (hospital),340,6029,yes,way/1361844807,snapped
620,Logan City,Australia,Oceania,Logan City Tavern,-27.641867,153.108568,36.0,63.0,,,-27.6392,153.1094,Logan City Tavern (pub),308,2699,,way/51968171,snapped
621,Redcliffe,Australia,Oceania,Redcliffe Museum,-27.230800,153.111048,8.0,35.0,,,-27.2307,153.1094,Redcliffe Museum (museum),164,1233,yes,way/1031525721,snapped
622,Caboolture,Australia,Oceania,Caboolture Library,-27.083699,152.950410,19.0,46.0,,,-27.0846,152.951,Caboolture Library (library),116,3224,yes,way/615786207,snapped
623,Tweed Heads,Australia,Oceania,Club Tweed,-28.176713,153.542854,11.0,38.0,,,-28.1767,153.5452,Club Tweed (retail),230,6365,,way/1546615905,snapped
624,Port Macquarie,Australia,Oceania,Port Macquarie Library,-31.433577,152.915307,7.0,34.0,,,-31.4333,152.9167,Port Macquarie Library (library),136,2356,yes,way/371443563,snapped
625,Tamworth,Australia,Oceania,Centrepoint Shopping Centre,-31.090475,150.930783,383.0,410.0,,,-31.0905,150.929,Centrepoint Shopping Centre (retail),170,7311,,way/657221229,snapped
626,Armidale,Australia,Oceania,Armidale Food Emporium,-30.512904,151.668823,975.0,1002.0,,,-30.5142,151.669,Armidale Food Emporium (retail),145,6691,,way/242789518,snapped
627,Dubbo,Australia,Oceania,Dubbo CBD,-32.253764,148.601191,262.0,289.0,,,-32.2569,148.6011,"unnamed building, 949 m²",349,949,,way/610135038,snapped
628,Orange,Australia,Oceania,Orange Central Square,-33.282506,149.100023,873.0,900.0,,,-33.2839,149.1013,Orange Central Square (building),195,13961,,way/444405121,snapped
629,Bathurst,Australia,Oceania,Bathurst Court House,-33.418306,149.578292,675.0,702.0,,,-33.4193,149.5775,Bathurst Court House (courthouse),133,4681,yes,way/158671534,snapped
630,Wagga Wagga,Australia,Oceania,Wagga Wagga CBD,-35.107627,147.359035,182.0,209.0,,,-35.1082,147.3598,"unnamed building, 2,693 m²",94,2693,,way/1094235059,snapped
631,Griffith,Australia,Oceania,Griffith Central,-34.290634,146.051216,126.0,153.0,,,-34.2885,146.0509,Griffith Central (building),239,15779,,way/368390132,snapped
632,Goulburn,Australia,Oceania,Goulburn Square,-34.752514,149.721256,642.0,669.0,,,-34.7516,149.72,Goulburn Square (retail),153,17772,,way/440886602,snapped
633,Nowra,Australia,Oceania,Woolworths,-34.873630,150.602751,14.0,41.0,,,-34.8746,150.6005,Woolworths (retail),232,2810,,way/389803891,snapped
634,Maitland,Australia,Oceania,Maitland CBD,-32.7337,151.5571,17.0,44.0,,,-32.7337,151.5571,"unnamed building, 1,033 m²",0,1033,yes,way/1436796912,kept
635,Cessnock,Australia,Oceania,Cessnock CBD,-32.834838,151.352437,73.0,100.0,,,-32.8328,151.3514,"unnamed building, 6,702 m²",247,6702,,way/254772518,snapped
636,Gosford,Australia,Oceania,Imperial Centre,-33.425655,151.343574,16.0,43.0,,,-33.425,151.3422,Imperial Centre (building),147,14786,,way/25047436,snapped
637,Wyong,Australia,Oceania,Central Coast Council,-33.282568,151.423895,20.0,47.0,,,-33.2823,151.4255,Central Coast Council (townhall),152,4970,yes,way/186087172,snapped
638,Queanbeyan,Australia,Oceania,The Q,-35.354651,149.234003,579.0,606.0,,,-35.3549,149.232,The Q (theatre),184,1533,yes,way/1475189929,snapped
639,Lismore,Australia,Oceania,Lismore Central Shopping Centre,-28.810716,153.276503,15.0,42.0,,,-28.8135,153.2773,Lismore Central Shopping Centre (retail),320,8501,,way/737777875,snapped
640,Ballina,Australia,Oceania,Ballina CBD,-28.8689,153.5594,5.0,32.0,,,-28.8689,153.5594,"unnamed building, 508 m²",0,508,,way/594408604,kept
641,Byron Bay,Australia,Oceania,Byron Bay Centre,-28.645144,153.605112,10.0,37.0,,,-28.6474,153.602,"unnamed building, 1,408 m²",394,1408,,way/236870186,snapped
642,Broken Hill,Australia,Oceania,Bush Church Aid Centre,-31.953955,141.457706,326.0,353.0,,,-31.9539,141.4539,Bush Church Aid Centre (community centre),360,915,yes,way/1418785233,snapped
643,Mildura,Australia,Oceania,Law Courts,-34.185888,142.162538,55.0,82.0,,,-34.1855,142.1625,Law Courts (courthouse),43,2044,yes,way/686249537,snapped
644,Shepparton,Australia,Oceania,Kmart,-36.382920,145.401588,115.0,142.0,,,-36.3831,145.3994,Kmart (retail),197,7504,,way/50194941,snapped
645,Warrnambool,Australia,Oceania,Warrnambool CBD,-38.382491,142.484066,23.0,50.0,,,-38.3832,142.485,"unnamed building, 10,656 m²",113,10656,,way/996018088,snapped
646,Traralgon,Australia,Oceania,Traralgon Centre Plaza,-38.194325,146.539520,47.0,74.0,,,-38.1953,146.5415,Traralgon Centre Plaza (building),204,23213,,way/1163127651,snapped
647,Sale,Australia,Oceania,Memorial Hall,-38.110043,147.067367,12.0,39.0,,,-38.1109,147.068,Memorial Hall (building),110,1105,,way/307984274,snapped
648,Morwell,Australia,Oceania,Latrobe Regional Council,-38.236704,146.395626,86.0,113.0,,,-38.2348,146.3949,Latrobe Regional Council (government),221,1420,yes,way/346443140,snapped
649,Bairnsdale,Australia,Oceania,Bairnsdale CBD,-37.8251,147.6284,18.0,45.0,,,-37.8251,147.6284,"unnamed building, 372 m²",0,372,,way/170996256,kept
650,Wangaratta,Australia,Oceania,Wangaratta CBD,-36.359971,146.317155,149.0,176.0,,,-36.3587,146.3175,"unnamed retail, 8,301 m²",145,8301,,way/239376635,snapped
651,Wodonga,Australia,Oceania,Wodonga Police Complex,-36.122275,146.890091,167.0,194.0,,,-36.1218,146.8881,Wodonga Police Complex (civic),187,1599,yes,way/334271246,snapped
652,Echuca,Australia,Oceania,Echuca CBD,-36.141829,144.755949,100.0,127.0,,,-36.1406,144.7519,"unnamed building, 6,412 m²",389,6412,,way/738806363,snapped
653,Horsham,Australia,Oceania,Ss. Michael & John's Catholic Church,-36.713417,142.202799,132.0,159.0,,,-36.7113,142.1998,Ss. Michael & John's Catholic Church (place of worship),357,3036,yes,way/1054705017,snapped
654,Swan Hill,Australia,Oceania,Swan Hill Rural City Council,-35.340018,143.557298,78.0,105.0,,,-35.3378,143.5544,Swan Hill Rural City Council (townhall),361,1502,yes,way/264714418,snapped
655,Mount Gambier,Australia,Oceania,Mount Gambier Library,-37.829891,140.780685,43.0,70.0,,,-37.8284,140.7804,Mount Gambier Library (library),168,2225,yes,way/189774203,snapped
656,Whyalla,Australia,Oceania,Whyalla CBD,-33.034377,137.585376,21.0,48.0,,,-33.0333,137.5833,"unnamed government, 1,798 m²",228,1798,yes,way/625013307,snapped
657,Port Augusta,Australia,Oceania,Port Augusta,-32.493575,137.767281,13.0,40.0,,,-32.4925,137.7658,Port Augusta (building),183,1869,yes,way/234880691,snapped
658,Port Lincoln,Australia,Oceania,Nautilus Theatre,-34.720060,135.857399,8.0,35.0,,,-34.72,135.858,Nautilus Theatre (theatre),55,1479,yes,way/319508333,snapped
659,Murray Bridge,Australia,Oceania,Murray Bridge Marketplace,-35.119430,139.277818,23.0,50.0,,,-35.1199,139.2735,Murray Bridge Marketplace (retail),397,23193,,way/218197957,snapped
660,Victor Harbor,Australia,Oceania,Victor Central Shopping Centre,-35.552932,138.620100,9.0,36.0,,,-35.5503,138.6209,Victor Central Shopping Centre (building),302,19246,,way/491901394,snapped
661,Alice Springs,Australia,Oceania,Yeperenye Shopping Centre,-23.699325,133.880652,581.0,608.0,,,-23.698,133.8807,Yeperenye Shopping Centre (retail),148,17566,,way/257906785,snapped
662,Palmerston,Australia,Oceania,Oasis Shopping Village,-12.483534,130.985483,52.0,79.0,,,-12.486,130.9833,Oasis Shopping Village (retail),363,11239,,way/216108781,snapped
663,Katherine,Australia,Oceania,Katherine Central Shopping Complex,-14.465808,132.265326,111.0,138.0,,,-14.4652,132.2635,Katherine Central Shopping Complex (retail),208,8374,,way/241868610,snapped
664,Devonport,Australia,Oceania,Devonport CBD,-41.176687,146.354795,24.0,51.0,,,-41.1769,146.3515,"unnamed retail, 9,419 m²",277,9419,,way/87470527,snapped
665,Burnie,Australia,Oceania,Burnie City Council,-41.053150,145.905844,22.0,49.0,,,-41.0529,145.9064,Burnie City Council (civic),54,1501,yes,way/158861484,snapped
666,Ulverstone,Australia,Oceania,Ulverstone Centre,-41.162265,146.171125,18.0,45.0,,,-41.1603,146.17,"unnamed school, 9,170 m²",238,9170,,way/242549554,snapped
667,Kingston,Australia,Oceania,Kingston TAS Centre,-42.9765,147.3087,27.0,54.0,,,-42.9765,147.3087,"unnamed retail, 8,467 m²",0,8467,,way/220966956,kept
668,Glenorchy,Australia,Oceania,Northgate Shopping Centre,-42.832091,147.273766,22.0,49.0,,,-42.833,147.275,Northgate Shopping Centre (retail),143,23724,,way/34365925,snapped
669,Sorell,Australia,Oceania,Gateway Shopping Centre,-42.780922,147.563763,19.0,46.0,,,-42.7818,147.5627,Gateway Shopping Centre (retail),131,6139,,way/232722119,snapped
670,Karratha,Australia,Oceania,Karratha City Shopping Centre,-20.735066,116.846188,19.0,46.0,,,-20.7367,116.8463,Karratha City Shopping Centre (retail),182,28808,,way/231099927,snapped
671,Geraldton,Australia,Oceania,Queens Park Theatre,-28.776612,114.612945,11.0,38.0,,,-28.7774,114.6149,Queens Park Theatre (theatre),210,1497,yes,way/243129000,snapped
672,Albany,Australia,Oceania,Old AlbanyGaol,-35.028306,117.880074,7.0,34.0,,,-35.0269,117.8837,Old AlbanyGaol (building),366,1249,yes,way/1058426615,snapped
673,Kalgoorlie,Australia,Oceania,Kalgoorlie,-30.746117,121.466684,379.0,406.0,,,-30.7489,121.4658,Kalgoorlie (building),321,2993,yes,way/236077504,snapped
674,Esperance,Australia,Oceania,Historic Village,-33.859654,121.894211,8.0,35.0,,,-33.8613,121.8914,Historic Village (museum),318,2331,yes,way/207686332,snapped
675,Broome,Australia,Oceania,Broome Centre,-17.960735,122.236485,17.0,44.0,,,-17.9614,122.2359,"unnamed building, 12,827 m²",96,12827,,way/311355784,snapped
676,Mandurah,Australia,Oceania,Mandurah Performing Arts Centre,-32.527673,115.718832,8.0,35.0,,,-32.5269,115.7217,Mandurah Performing Arts Centre (arts centre),283,3807,yes,way/45366864,snapped
677,Joondalup,Australia,Oceania,Joondalup City Centre,-31.745210,115.767483,45.0,72.0,,,-31.745,115.766,"unnamed train station, 4,793 m²",142,4793,yes,way/256941536,snapped
678,Rockingham,Australia,Oceania,Gary Holland Centre,-32.276035,115.732096,8.0,35.0,,,-32.2768,115.7298,Gary Holland Centre (community centre),232,1565,yes,way/600733551,snapped
679,Fremantle,Australia,Oceania,Fremantle Customs House,-32.054139,115.743946,10.0,37.0,,,-32.0569,115.7439,Fremantle Customs House (university),307,2970,yes,way/142222969,snapped
680,Armadale,Australia,Oceania,Armadale Central,-32.150367,116.014835,65.0,92.0,,,-32.151,116.015,Armadale Central (building),72,30237,,way/495192410,snapped
681,Busselton,Australia,Oceania,Busselton CBD,-33.650817,115.343193,6.0,33.0,,,-33.652,115.3455,"unnamed retail, 15,130 m²",251,15130,,way/316522098,snapped
682,Margaret River,Australia,Oceania,Margaret River District Hospital,-33.952177,115.071152,98.0,125.0,,,-33.953,115.0739,Margaret River District Hospital (hospital),270,2630,yes,way/1298943009,snapped
683,Northam,Australia,Oceania,Northam Centre,-31.654102,116.672166,156.0,183.0,,,-31.654,116.6702,"unnamed building, 8,981 m²",187,8981,,way/1133012861,snapped
684,Port Hedland,Australia,Oceania,Port Hedland Centre,-20.311493,118.608484,12.0,39.0,,,-20.3107,118.606,"unnamed building, 7,651 m²",274,7651,,way/201269755,snapped
685,Newman,Australia,Oceania,Newman Boulevard Shopping Centre,-23.356867,119.732397,547.0,574.0,,,-23.3564,119.731,Newman Boulevard Shopping Centre (retail),152,8440,,way/238042479,snapped
686,Lower Hutt,New Zealand,Oceania,Lower Hutt War Memorial Library,-41.212196,174.900766,9.0,36.0,,,-41.2127,174.8997,Lower Hutt War Memorial Library (library),105,2430,yes,way/38896870,snapped
687,Upper Hutt,New Zealand,Oceania,The Mall,-41.123486,175.073568,70.0,97.0,,,-41.1244,175.0708,The Mall (retail),253,13330,,way/280714795,snapped
688,Porirua,New Zealand,Oceania,North City Shopping Centre,-41.137150,174.840405,14.0,41.0,,,-41.1338,174.8407,North City Shopping Centre (building),374,17555,,way/396140174,snapped
689,New Plymouth,New Zealand,Oceania,Puke Ariki New Plymouth Museum,-39.057003,174.071903,10.0,37.0,,,-39.0556,174.0752,Puke Ariki New Plymouth Museum (museum),325,2414,yes,way/160909406,snapped
690,Whangārei,New Zealand,Oceania,PAK'nSAVE,-35.725954,174.324649,7.0,34.0,,,-35.7251,174.3237,PAK'nSAVE (retail),128,6833,,way/285981856,snapped
691,Invercargill,New Zealand,Oceania,Civic Theatre,-46.412516,168.352039,11.0,38.0,,,-46.4132,168.3538,Civic Theatre (theatre),155,2364,yes,way/381450074,snapped
692,Hastings,New Zealand,Oceania,Mitre 10 MEGA,-39.637072,176.849361,16.0,43.0,,,-39.6381,176.8492,Mitre 10 MEGA (retail),115,10648,,way/372932329,snapped
693,Gisborne,New Zealand,Oceania,Woolworths,-38.661248,178.017072,9.0,36.0,,,-38.6623,178.0176,Woolworths (building),126,3470,,way/372171870,snapped
694,Blenheim,New Zealand,Oceania,Stadium 2000,-41.515878,173.959593,3.0,30.0,,,-41.5134,173.9612,Stadium 2000 (civic),307,3846,yes,way/223319316,snapped
695,Timaru,New Zealand,Oceania,Timaru CBD,-44.397026,171.257694,7.0,34.0,,,-44.3967,171.2536,"unnamed building, 17,318 m²",328,17318,,way/152284184,snapped
696,Queenstown,New Zealand,Oceania,Queenstown Police Station,-45.032034,168.663085,322.0,349.0,,,-45.0312,168.6626,Queenstown Police Station (police),100,746,yes,way/211230081,snapped
697,Ashburton,New Zealand,Oceania,Ashburton Art Gallery & Heritage Centre,-43.901922,171.749609,103.0,130.0,,,-43.9036,171.7481,Ashburton Art Gallery & Heritage Centre (museum),223,3969,yes,way/688876329,snapped
698,Whanganui,New Zealand,Oceania,Te Whare o Rehua Sarjeant Gallery,-39.931066,175.053516,28.0,55.0,,,-39.9333,175.05,Te Whare o Rehua Sarjeant Gallery (gallery),390,3472,yes,way/87977398,snapped
699,Taupō,New Zealand,Oceania,Great Lake Centre,-38.686375,176.068743,375.0,402.0,,,-38.6857,176.0702,Great Lake Centre (theatre),147,2862,yes,way/88735584,snapped
700,Masterton,New Zealand,Oceania,Regent 3 Cinemas,-40.951198,175.658793,111.0,138.0,,,-40.9511,175.6574,Regent 3 Cinemas (cinema),118,1274,yes,way/374055759,snapped
